Genus,Substantiv,IPA,Plural,Herkunft,Tags
das,Tennis,ˈtɛnɪs,PLURAL,*,Sport
der,Tag,taːk,Tage,de,
der,Morgen,ˈmɔʁɡn̩,PLURAL,*,
der,Abend,ˈaːbn̩t,PLURAL,*,
die,Nacht,naxt,PLURAL,*,
das,Wiedersehen,ˈviːdɐˌzeːən,PLURAL,*,
der,Appetit,apeˈtiːt,PLURAL,*,
der,Buchstabe,ˈbuːxˌʃtaːbə,PLURAL,*,
das,A,aː,PLURAL,*,Buschstabe
das,B,beː,PLURAL,*,Buschstabe
das,C,t͡seː,PLURAL,*,Buschstabe
das,D,deː,PLURAL,*,Buschstabe
das,E,ʔeː,PLURAL,*,Buschstabe
das,F,ɛf,PLURAL,*,Buschstabe
das,G,ɡeː,PLURAL,*,Buschstabe
das,H,haː,PLURAL,*,Buschstabe
das,I,iː,PLURAL,*,Buschstabe
das,J,jɔt,PLURAL,*,Buschstabe
das,K,kaː,PLURAL,*,Buschstabe
das,L,ɛl,PLURAL,*,Buschstabe
das,M,ɛm,PLURAL,*,Buschstabe
das,N,ɛn,PLURAL,*,Buschstabe
das,O,oː,PLURAL,*,Buschstabe
das,P,peː,PLURAL,*,Buschstabe
das,Q,kuː,PLURAL,*,Buschstabe
das,R,ɛʁ,PLURAL,*,Buschstabe
das,S,ʔɛs,PLURAL,*,Buschstabe
das,T,teː,PLURAL,*,Buschstabe
das,U,uː,PLURAL,*,Buschstabe
das,V,faʊ̯,PLURAL,*,Buschstabe
das,W,veː,PLURAL,*,Buschstabe
das,X,ɪks,PLURAL,*,Buschstabe
das,Y,ˈʏpsilɔn,PLURAL,*,Buschstabe
das,Z,t͡sɛt,PLURAL,*,Buschstabe
das,Ä,ɛː,PLURAL,*,Buschstabe
das,Ö,øː,PLURAL,*,Buschstabe
das,Ü,yː,PLURAL,*,Buschstabe
das,ß,s,PLURAL,*,Buschstabe
das,Deutschland,ˈdɔɪ̯t͡ʃlant,PLURAL,Toponym,Land
das,Österreich,ˈøːstəʁaɪ̯ç,PLURAL,Toponym,Land
die,Schweiz,ʃvaɪ̯t͡s,PLURAL,Toponym,Land
das,Hamburg,ˈhambʊʁk,-,Toponym,Stadt:Land.Deutschland
das,Leipzig,ˈlaɪ̯pt͡sɪç,PLURAL,Toponym,Stadt:Land.Deutschland
das,Stuttgart,ˈʃtʊtɡaʁt,PLURAL,Toponym,Stadt:Land.Deutschland
das,Berlin,bɛʁˈliːn,PLURAL,Toponym,Stadt:Land.Deutschland
das,Köln,kœln,PLURAL,Toponym,Stadt:Land.Deutschland
das,Frankfurt,ˈfʁaŋkfʊʁt,PLURAL,Toponym,Stadt:Land.Deutschland
das,München,ˈmʏnçn̩,PLURAL,Toponym,Stadt:Land.Deutschland
das,Linz,lɪnt͡s,PLURAL,Toponym,Stadt:Land.Österreich
das,Wien,viːn,PLURAL,Toponym,Stadt:Land.Österreich
das,Innsbruck,ˈɪnsbʁʊk,PLURAL,Toponym,Stadt:Land.Österreich
das,Bern,bɛʁn,PLURAL,Toponym,Stadt:Land.Schweiz
das,Zürich,ˈt͡syːʁɪç,PLURAL,Toponym,Stadt:Land.Schweiz
das,Genf,ɡɛnf,PLURAL,Toponym,Stadt:Land.Schweiz
das,Basel,ˈbaːzl̩,-,Toponym,Stadt:Land.Schweiz
der/die,Müller,ˈmʏlɐ,PLURAL,Familienname,Familienname.Deutschland:Familienname.Österreich:Familienname.Schweiz
der/die,Schmidt,ʃmɪt,PLURAL,Familienname,Familienname.Deutschland:Familienname.Österreich:Familienname.Schweiz
der/die,Weber,ˈveːbɐ,PLURAL,Familienname,Familienname.Deutschland:Familienname.Österreich:Familienname.Schweiz
der/die,Fischer,ˈfɪʃɐ,PLURAL,Familienname,Familienname.Deutschland:Familienname.Österreich:Familienname.Schweiz
der/die,Gruber,ˈɡʁuːbɐ,PLURAL,Familienname,Familienname.Deutschland:Familienname.Österreich:Familienname.Schweiz
der/die,Huber,ˈhuːbɐ,PLURAL,Familienname,Familienname.Deutschland:Familienname.Österreich:Familienname.Schweiz
der/die,Wagner,ˈvaːɡnɐ,PLURAL,Familienname,Familienname.Deutschland:Familienname.Österreich:Familienname.Schweiz
der/die,Pichler,ˈpɪçlɐ,PLURAL,Familienname,Familienname.Deutschland:Familienname.Österreich:Familienname.Schweiz
der/die,Steiner,ʃtaɪ̯nɐ,PLURAL,Familienname,Familienname.Deutschland:Familienname.Österreich:Familienname.Schweiz
der/die,Maier,ˈmaɪ̯ɐ,PLURAL,Familienname,Familienname.Deutschland:Familienname.Österreich:Familienname.Schweiz
der/die,Keller,ˈkɛlɐ,PLURAL,Familienname,Familienname.Deutschland:Familienname.Österreich:Familienname.Schweiz
der/die,Gerber,ˈɡɛʁbɐ,PLURAL,Familienname,Familienname.Deutschland:Familienname.Schweiz
der/die,Baumann,ˈbaʊ̯man,PLURAL,Familienname,Familienname.Deutschland:Familienname.Österreich:Familienname.Schweiz
der/die,Graf,ɡʁaːf,PLURAL,Familienname,Familienname.Deutschland:Familienname.Österreich:Familienname.Schweiz
das,Spanien,ˈʃpaːni̯ən,PLURAL,Toponym,Land
das,Portugal,ˈpɔʁtuɡal,PLURAL,Toponym,Land
das,Lissabon,ˈlɪsabɔn,PLURAL,Toponym,Stadt:Land.Portugal
das,Portugiesisch,ˌpɔʁtuˈɡiːzɪʃ,PLURAL,*,Sprache
das,Spanisch,ˈʃpaːnɪʃ,PLURAL,*,Sprache
das,Russland,ˈʁʊslant,PLURAL,Toponym,Land
das,Russisch,ˈʁʊsɪʃ,PLURAL,*,Sprache
das,Schweden,ˈʃveːdn̩,PLURAL,Toponym,Land
das,Schwedisch,ˈʃveːdɪʃ,PLURAL,*,Sprache
das,Stockholm,ˈʃtɔkhɔlm,PLURAL,Toponym,Stadt:Land.Schweden
das,Dänemark,ˈdɛːnəˌmaʁk,PLURAL,Toponym,Land
das,Dänisch,ˈdɛːnɪʃ,PLURAL,*,Sprache
das,China,ˈçiːna,PLURAL,Toponym,Land
das,Chinesisch,çiˈneːzɪʃ,PLURAL,*,Sprache
das,Graz,ɡʁaːt͡s,PLURAL,Toponym,Stadt:Land.Österreich
das,Italien,iˈtaːli̯ən,PLURAL,Toponym,Land
das,Italienisch,ˌitaˈli̯eːnɪʃ,PLURAL,*,Sprache
die,Musik,muˈziːk,Musiken,Lehnwort.la,
das,Griechenland,ˈɡʁiːçn̩ˌlant,PLURAL,Toponym,Land
das,Athen,aˈteːn,PLURAL,Toponym,Stadt:Land.Griechenland
das,Griechisch,ˈɡʁiːçɪʃ,PLURAL,*,Sprache
das,Deutsch,dɔɪ̯t͡ʃ,PLURAL,*,Sprache
der,Fußball,ˈfuːsˌbal,Fußbälle,Komposita.kein,Sport:Gegenstand
das,Frankreich,ˈfʁaŋkʁaɪ̯ç,PLURAL,Toponym,Land
das,Französisch,fʁanˈt͡søːzɪʃ,PLURAL,*,Sprache
das,Ungarn,ˈʊŋɡaʁn,PLURAL,Toponym,Land
das,Budapest,ˈbuːdaˌpɛst,PLURAL,Toponym,Stadt:Land.Ungarn
das,Ungarisch,ˈʊŋɡaʁɪʃ,PLURAL,*,Sprache
das,Computerspiel,kɔmˈpjuːtɐˌʃpiːl,PLURAL,*,
die,Gitarre,ɡiˈtaʁə,PLURAL,*,Musik
die,Sprache,ˈʃpʁaːxə,PLURAL,*,
der,Jazz,d͡ʒɛːs,-,Lehnwort.en,Musik
das,Bulgarien,bʊlˈɡaːʁiən,PLURAL,Toponym,Land
das,Bulgarisch,bʊlˈɡaːʁɪʃ,PLURAL,*,Sprache
das,Großbritannien,ɡʁoːsbʁiˈtani̯ən,PLURAL,Toponym,Land
das,Englisch,ˈɛŋlɪʃ,PLURAL,*,Sprache
das,Japanisch,jaˈpaːnɪʃ,PLURAL,*,Sprache
das,Japan,ˈjaːpan,PLURAL,Toponym,Land
die,Niederlande,ˈniːdɐˌlandə,PLURAL,Toponym,Land
das,Niederländisch,ˈniːdɐˌlɛndɪʃ,PLURAL,*,Sprache
das,Marokko,ˌmaˈʁɔko,PLURAL,Toponym,Land
das,Arabisch,aˈʁaːbɪʃ,PLURAL,*,Sprache
die,Türkei,tʏʁˈkaɪ̯,PLURAL,Toponym,Land
das,Türkisch,ˈtʏʁkɪʃ,PLURAL,*,Sprache
das,Polen,ˈpoːlən,PLURAL,Toponym,Land
das,Polnisch,ˈpɔlnɪʃ,PLURAL,*,Sprache
die,Mutter,ˈmʊtɐ,Mütter,*,Familie
die,Muttersprache,ˈmʊtɐˌʃpʁaːxə,PLURAL,*,
das,Tschechien,ˈt͡ʃɛçi̯ən,PLURAL,Toponym,Land
das,Tschechisch,ˈt͡ʃɛçɪʃ,PLURAL,*,Sprache
das,Prag,pʁaːk,PLURAL,*,Stadt:Land.Tschechien
der,Volleyball,ˈvɔlɛɪ̯ˌbal,PLURAL,*,Sport
die,Gymnastik,ˌɡʏmˈnastɪk,-,Lehnwort.grc,Sport
das,Institut,ɪnstiˈtuːt,PLURAL,*,
das,Prozent,pʁoˈt͡sɛnt,PLURAL,*,
die,Begrüßung,bəˈɡʁyːsʊŋ,PLURAL,*,
die,Verabschiedung,fɛɐ̯ˈʔapˌʃiːdʊŋ,PLURAL,*,
der,Man,man,PLURAL,*,
die,Frau,fʁaʊ̯,Frauen,*,
das,Warschau,ˈvaʁʃaʊ̯,PLURAL,Toponym,Stadt:Land.Polen
das,Hotel,hoˈtɛl,PLURAL,*,
das,Klavier,klaˈviːɐ̯,PLURAL,*,
das,London,ˈlɔndɔn,PLURAL,Toponym,Stadt:Land.Großbritannien
das,Helsinki,ˈhɛlziŋˌki,PLURAL,Toponym,Stadt:Land.Finnland
das,Finnland,ˈfɪnlant,PLURAL,Toponym,Land
das,Finnisch,ˈfɪnɪʃ,PLURAL,*,Sprache
das,Oslo,ˈɔsloː,PLURAL,Toponym,Stadt:Land.Norwegen
das,Norwegen,ˈnɔʁˌveːɡn̩,PLURAL,Toponym,Land
das,Norwegisch,ˈnɔʁˌveːɡɪʃ,PLURAL,*,Sprache
das,Amerika,aˈmeːʁika,PLURAL,Toponym,Land
der,Beruf,bəˈʁuːf,PLURAL,*,
die,Familie,faˈmiːli̯ə,PLURAL,*,
die,Tätigkeit,ˈtɛːtɪçkaɪ̯t,Tätigkeiten,Ableitung.-keit,
der,Künstler,ˈkʏnstlɐ,Künstler,Ableitung.-ler,Beruf
die,Künstlerin,ˈkʏnstləʁɪn,Künstlerinnen,Ableitung.-in,Beruf
das,Bild,bɪlt,Bilder,*,
der,Kellner,ˈkɛlnɐ,Kellner,*,Beruf:Person.männlich
die,Kellnerin,ˈkɛlnəʁɪn,Kellnerinnen,Ableitung.-in,Beruf:Person.weiblich
der,Gast,ɡast,Gäste,de,
der,Azrt,aːɐ̯t͡st,PLURAL,*,Beruf
die,Äzrtin,ˈɛːɐ̯t͡stɪn,PLURAL,*,Beruf
der,Patient,paˈt͡si̯ɛnt,PLURAL,*,
die,Patientin,paˈt͡si̯ɛntɪn,PLURAL,*,
der,Informatiker,ɪnfɔʁˈmaːtɪkɐ,PLURAL,*,Beruf
die,Informatikerin,ɪnfɔʁˈmaːtɪkəʁɪn,PLURAL,*,Beruf
die,Lehrerin,ˈleːʁəʁɪn,PLURAL,*,Beruf
der,Lehrer,ˈleːʁɐ,PLURAL,*,Beruf
das,Kind,kɪnt,PLURAL,*,
der,Assistent,asɪsˈtɛnt,PLURAL,*,Beruf
die,Assistentin,asɪsˈtɛntɪn,PLURAL,*,Beruf
die/das,E-Mail,ˈiːmeɪ̯l,PLURAL,*,
der,Student,ʃtuˈdɛnt,PLURAL,*,Person.männlich
die,Studentin,ʃtuˈdɛntɪn,PLURAL,*,Person.weiblich
das,Buch,buːx,Bücher,*,
der,Architekt,aʁçiˈtɛkt,PLURAL,*,Beruf
die,Architektin,aʁçiˈtɛktɪn,PLURAL,*,Beruf
das,Projekt,pʁoˈjɛkt,Projekte,Lehnwort.la,
der,Ingenieur,ɪnʒeˈni̯øːɐ̯,PLURAL,*,Beruf
die,Ingenieurin,ɪnʒeˈni̯øːʁɪn,PLURAL,*,Beruf
das,Solarauto,zoˈlaːɐ̯ˌʔaʊ̯to,Solarautos,*,
die,Besprechung,bəˈʃpʁɛçʊŋ,Besprechungen,Ableitung.-ung,
-,-,ˈjuːʁaː,Jura,*,
die,Physik,fyˈziːk,PLURAL,*,Wissenschaft
die,Mathematik,matemaˈtiːk,PLURAL,*,Wissenschaft
die,Journalistik,ʒʊʁnaˈlɪstɪk,PLURAL,*,
das,Design,diˈzaɪ̯n,PLURAL,*,
der,Jurist,juˈʁɪst,PLURAL,*,Beruf
die,Juristin,juˈʁɪstɪn,PLURAL,*,Beruf
der,Musiker,ˈmuːzɪkɐ,PLURAL,*,Beruf
die,Musikerin,ˈmuːzɪkəʁɪn,PLURAL,*,Beruf
der,Physiker,ˈfyːzɪkɐ,PLURAL,*,Beruf
die,Physikerin,ˈfyːzɪkəʁɪn,PLURAL,*,Beruf
der,Mathematiker,matəˈmaːtɪkɐ,PLURAL,*,Beruf
die,Mathematikerin,matəˈmaːtɪkəʁɪn,PLURAL,*,Beruf
der,Journalist,ʒʊʁnaˈlɪst,PLURAL,*,Beruf
die,Journalistin,ʒʊʁnaˈlɪstɪn,PLURAL,*,Beruf
der,Designer,diˈzaɪ̯nɐ,PLURAL,*,Beruf
die,Designerin,diˈzaɪ̯nəʁɪn,PLURAL,*,Beruf
der,Manager,ˈmɛnɪd͡ʒɐ,Manager,*,Beruf
die,Managerin,ˈmɛnɪd͡ʒəʁɪn,managerinnen,*,Beruf
das,Düsseldorf,ˈdʏsl̩ˌdɔʁf,-,Toponym,Stadt:Land.Deutschland
das,Krakau,ˈkʁaːkaʊ̯,-,Toponym,Stadt:Land.Polen
der,Tisch,tɪʃ,Tische,*,Gegenstand
die,Brille,ˈbʁɪlə,Brillen,*,Gegenstand
das,Handy,ˈhɛndi,Handys,de.en,Gegenstand
die,Zeitung,ˈt͡saɪ̯tʊŋ,Zeitung,*,Gegenstand
der,Stuhl,ʃtuːl,Stühlen,de,Gegenstand
die,Uhr,uːɐ̯,Uhren,de,Gegenstand
die,Tasche,ˈtaʃə,Taschen,*,Gegenstand
das,Medikament,medikaˈmɛnt,Medikamente,*,Gegenstand
die,Lampe,ˈlampə,PLURAL,*,Gegenstand
der,Regenschirm,ˈʁeːɡn̩ˌʃɪʁm,Regenschirme,*,Gegenstand
die,Seite,ˈzaɪ̯tə,Seiten,*,Gegenstand
die,Tasse,ˈtasə,Tassen,Lehnwort.it.fr,Gegenstand:Werkzeug.Küche
die,Tür,tyːɐ̯,Türen,*,Gegenstand
der,Computer,kɔmˈpjuːtɐ,Computer,*,Gegenstand
das,Auto,ˈaʊ̯to,Autos,*,Gegenstand
das,Lehrbuch,ˈleːɐ̯ˌbuːx,Lehrbücher,Komposita.kein,Gegenstand
die,Zeitschrift,ˈt͡saɪ̯tˌʃʁɪft,Zeitschiften,Komposita.kein,Gegenstand
der,Schlüssel,ˈʃlʏsl̩,Schlüssel,*,Gegenstand
die,Flasche,ˈflaʃə,Flaschen,*,Gegenstand
der,Stift,ʃtɪft,Stifte,*,Gegenstand
die,Kaffeemaschine,ˈkafemaˌʃiːnə,Kaffeemaschinen,*,Gegenstand
die,Maschine,maˈʃiːnə,Maschinen,*,Gegenstand
der,Kaffee,ˈkafe,Kaffees,*,Getränk
der,Bildschirm,ˈbɪltˌʃɪʁm,Bildschirme,Komposita.kein,Gegenstand
der,Schreibtisch,ˈʃʁaɪ̯pˌtɪʃ,Schreibtische,Komposita.kein,Gegenstand
die,Präsentation,pʁɛzɛntaˈt͡si̯oːn,Präsentationen,Lehnwort.fr:Ableitung.-ation,
das,Büro,byˈʁoː,PLURAL,*,Fremdwörter.Französisch
der,Bleistift,ˈblaɪ̯ˌʃtɪft,PLURAL,Komposita.kein,Gegenstand
der,Lippenstift,ˈlɪpn̩ˌʃtɪft,PLURAL,Komposita.-n-,Gegenstand
die,Lippe,ˈlɪpə,PLURAL,*,Anatomie
das,Blei,blaɪ̯,PLURAL,*,Wissenschaft.Chemie
der,Autoschlüssel,ˈaʊ̯toˌʃlʏsl̩,Autoschlüssel,Komposita.kein,Gegenstand
das,Zimmer,ˈt͡sɪmɐ,Zimmer,de,Gegenstand
der,Zimmerschlüssel,ˈt͡sɪmɐˌʃlʏsl̩,PLURAL,Komposita.kein,Gegenstand
der,Sonnenschirm,ˈzɔnənˌʃɪʁm,Sonnenschirme,Komposita.-n-,Gegenstand
das,Cello,ˈt͡ʃɛlo,PLURAL,*,Musik
die,Tageszeitung,ˈtaːɡəsˌt͡saɪ̯tʊŋ,PLURAL,Komposita.-es-,Gegenstand
das,Wörterbuch,ˈvœʁtɐˌbuːx,Wörterbücher,de,Gegenstand
das,Wort,vɔʁt,Wörter,de,
die,Modezeitschrift,ˈmoːdəˌt͡saɪ̯tʃʁɪft,PLURAL,*,Gegenstand
die,Mode,ˈmoːdə,PLURAL,*,
die,Schrift,ʃʁɪft,PLURAL,*,
die,Einleitung,ˈaɪ̯nlaɪ̯tʊŋ,PLURAL,*,
der,Drucker,ˈdʁʊkɐ,PLURAL,*,Gegenstand
das,Telefon,ˈteːləfoːn,PLURAL,*,Gegenstand
der,Kalender,kaˈlɛndɐ,Kalender,*,Gegenstand
der/[das],Laptop,ˈlɛptɔp,Laptops,*,Gegenstand
die/das,Vokabel,voˈkaːbl̩,PLURAL,*,
der,Österreicher,ˈøːstəʁaɪ̯çɐ,PLURAL,*,Person.Staatsbürger
die,Österreicherin,ˈøːstəʁaɪ̯çəʁɪn,PLURAL,*,Person.Staatsbürger
die,Eins,aɪ̯ns,Einsen,*,Zahl.1
die,Zwei,t͡svaɪ̯,Zweien,*,Zahl.2
die,Drei,dʁaɪ̯,Dreien,*,Zahl.3
die,Vier,fiːɐ̯,Vieren,*,Zahl.4
die,Fünf,fʏnf,Fünfen,*,Zahl.5
die,Sechs,zɛks,Sechsen,*,Zahl.6
die,Sieben,ˈziːbn̩,Siebenen:Sieben,*,Zahl.7
die,Acht,axt,Achten,*,Zahl.8
die,Neun,nɔɪ̯n,Neunen:Neuner,*,Zahl.9
die,Zehn,t͡seːn,Zehnen,*,Zahl.10
die,Null,nʊl,Nullen,*,Zahl.0
die,Polizei,ˌpoliˈt͡saɪ̯,Polizeien,*,
die,Feuerwehr,ˈfɔɪ̯ɐˌveːɐ̯,Feuerwehren,*,
das,Feuer,ˈfɔɪ̯ɐ,Feuer,*,
die,Wehr,veːɐ̯,Wehren,*,
[der]/das,Kilometer,ˌkiloˈmeːtɐ,Kilometer,Ableitung.kilo-,Maßeinheit.Länge
das,Quadrat,kvaˈdʁaːt,Quadrate,*,Mathematik
der,Quadratkilometer,kvaˈdʁaːtkiloˌmeːtɐ,Quadratkilometer,*,Maßeinheit.Fläche
die,Fläche,ˈflɛçə,Flächen,*,
der,Einwohner,ˈaɪ̯nˌvoːnɐ,Einwohner,*,
das,Bundesland,ˈbʊndəsˌlant,Bundesländer,Komposita.-es-,
der,Bund,bʊnt,Bünde,*,
[das]/die,Land,lant,Länder/Lande,*,
der,Kanton,kanˈtoːn,Kantone,*,
die,Million,mɪˈli̯oːn,Millionen,*,Zahl.1000000
die,Milliarde,mɪˈli̯aʁdə,Milliarden,*,Zahl.1000000000
die,Stadt,ʃtat,Städte,*,
die,Millionenstadt,mɪˈli̯oːnənˌʃtat,Millionenstädte,*,
das,Haupt,haʊ̯pt,Häupter,*,
die,Hauptstadt,ˈhaʊ̯ptˌʃtat,Hauptstädte,Ableitung.haupt-,
der,Mensch,mɛnʃ,Menschen,*,
die,Vorwahl,ˈfoːɐ̯ˌvaːl,Vorwahlen,*,
das,Beispiel,ˈbaɪ̯ˌʃpiːl,Beispiele,de,
der,Satz,zat͡s,Sätze,*,
die,Grafik,ˈɡʁaːfɪk,Grafiken,*,
der,Beispielsatz,ˈɡʁaːfɪk,Beispielsätze,*,
das,Hindi,ˈhɪndiː,-,*,Sprache
das,Bengali,bɛŋˈɡaːli,-,*,Sprache
-,-,ˈɛltɐn,Eltern,*,Familie
das,Kind,kɪnt,Kinder,*,Familie
der,Mann,man,Männer:Mannen,*,Familie
der,Roman,ʁoˈmaːn,Romane,*,
die,Liebe,ˈliːbə,Lieben,*,
der,Liebesroman,ˈliːbəsʁoˌmaːn,Liebesromane,*,
die,Tochter,ˈtɔxtɐ,Töchter,*,Familie
die,Schwester,ˈʃvɛstɐ,Schwestern,*,Familie
das,Jahr,jaːɐ̯,Jahre,de,
die,Popmusik,ˈpɔpmuˌziːk,Popmusiken,*,
der,Vater,ˈfaːtɐ,Väter,*,Familie
der,Sohn,zoːn,Söhne,*,Familie
der,Bruder,ˈbʁuːdɐ,Brüder,*,Familie
das,Geschwister,ɡəˈʃvɪstɐ,Geschwister,*,Familie
der,Onkel,ˈɔŋkl̩,Onkel,*,Familie
der,Kommissar,kɔmɪˈsaːɐ̯,Kommissare,*,
die,Tante,ˈtantə,Tanten,*,Familie
der,Moment,moˈmɛnt,Momente,*,
der,Artikel,ˌaʁˈtiːkl̩,Artikel,*,
der,Verwandter,fɛɐ̯ˈvantɐ,Verwandte,*,Familie
die,Verwandte,fɛɐ̯ˈvantə,Verwandte,*,Familie
das,Ergebnis,ɛɐ̯ˈɡeːpnɪs,Ergebnisse,Ableitung.-nis,
die,Adresse,aˈdʁɛsə,Adressen,*,
der,Komponist,ˌkɔmpoˈnɪst,Komponisten,*,
die,Komponistin,ˌkɔmpoˈnɪstɪn,Komponistinnen,*,
der,Schirm,ʃɪʁm,Schirme,*,
der,Chef,ʃɛf,Chefs,*,Beruf
die,Chefin,ˈʃɛfɪn,Chefinnen,*,Beruf
der,Text,tɛkst,Texte,*,
das,Schauspiel,ˈʃaʊ̯ˌʃpiːl,Schauspiele,*,
der,Schauspieler,ˈʃaʊ̯ˌʃpiːlɐ,Schauspieler,*,Beruf
die,Schauspielerin,ˈʃaʊ̯ˌʃpiːləʁɪn,Schauspielerinnen,*,Beruf
das,Internet,ˈɪntɐnɛt,-,*,
die,Heimat,ˈhaɪ̯maːt,Heimaten,*,
das,Heimatland,ˈhaɪ̯maːtˌlant,Heimatländer,*,
die,Information,ɪnfɔʁmaˈt͡si̯oːn,Informationen,*,
die,Nummer,ˈnʊmɐ,Nummern,*,
die,Telefonnummer,teləˈfoːnˌnʊmɐ,Telefonnummern,*,
das,Zeichen,ˈt͡saɪ̯çn̩,Zeichen,de,
das,Kennzeichen,ˈkɛnˌt͡saɪ̯çn̩,Kennzeichen,*,
das,Autokennzeichen,ˈaʊ̯toˌkɛnt͡saɪ̯çn̩,Autokennzeichen,*,
die,Autonummer,ˈaʊ̯toˌnʊmɐ,Autonummern,*,
-,-,fɛɐ̯ˌʔaɪ̯nɪçtə ʔaˌʁaːbɪʃə ˌʔemiˈʁaːtə,Vereinigte Arabische Emirate,*,
das,Costa Rica,ˈkɔsta ˈʁiːka,-,*,Land
das,Bosnien und Herzegowina,ˈbɔsniən ʊnt ˌhɛʁt͡səˈɡɔvina,-,*,Land
die,Sängerin,ˈzɛŋəʁɪn,Sängerinnen,*,Beruf
der,Sänger,ˈzɛŋɐ,Sänger,*,Beruf
das,Lied,liːt,Lieder,*,
das,Chanson,ʃɑ̃ˈsɔ̃ː,Chansons,*,
der,Erfolg,ɛɐ̯ˈfɔlk,Erfolge,*,
das,Adjektiv,ˈatjɛktiːf,Adjektive,*,Linguistik
der,Kuchen,ˈkuːxn̩,Kuchen,*,Essen.Genussmittel
die,Schokolade,ʃokoˈlaːdə,Schokoladen,*,Essen:Getränk
der,Schokoladenkuchen,ʃokoˈlaːdn̩ˌkuːxn̩,Schokoladenkuchen,*,Essen.Genussmittel
die,Arbeit,ˈaʁbaɪ̯t,Arbeiten,*,
der,Liebling,ˈliːplɪŋ,Lieblinge,*,
das,Hotelzimmer,hoˈtɛlˌt͡sɪmɐ,Hotelzimmer,*,
das,Museum,muˈzeːʊm,Museen,*,
-,-,ˈlɔɪ̯tə,Leute,*,
der,Tee,teː,Tees,*,Getränk
der,Orangensaft,oˈʁɑ̃ːʒn̩ˌzaft,Orangensäfte,Komposita.-n-,Getränk.Saft.Fruchtsaft
die,Orange,oˈʁɑ̃ːʒə,Orangen,*,Nahrungsmittel.Obst
der,Saft,zaft,Säfte,*,Getränk
das,Mineralwasser,mineˈʁaːlˌvasɐ,Mineralwässer,Komposita.kein,Getränk
das,Wasser,ˈvasɐ,Wasser/Wässer,*,Getränk
das,Mineral,mɪneˈʁaːl,Minerale,*,
die,Milch,mɪlç,Milche/Milchen,*,Getränk
der,Zucker,ˈt͡sʊkɐ,Zucker,*,Essen.Gewürz
das,Stück,ʃtʏk,Stücke,*,
der,Dialog,diaˈloːk,Dialoge,*,
die,Rolle,ˈʁɔlə,Rollen,*,
der,Preis,pʁaɪ̯s,Preise,*,
das,Getränk,ɡəˈtʁɛŋk,Getränke,*,
das,Bier,biːɐ̯,Biere,*,Getränk.Alkoholgetränk
die,Suppe,ˈzʊpə,Suppen,*,Essen.Speise
die,Speise,ˈʃpaɪ̯zə,Speisen,de.la,
die/das,Cola,ˈkoːla,Colas,*,Getränk.Erfrischungsgetränk
die,Limonade,limoˈnaːdə,Limonaden,*,Getränk.Erfrischungsgetränk
das,Brötchen,ˈbʁøːtçən,Brötchen,Ableitung.Diminutivum:Ableitung.-chen,Essen.Gebäck
das,Brot,bʁoːt,Brote,*,Essen.Gebäck
der,Käse,ˈkɛːzə,Käse,*,Essen.Milchprodukt
der,Käsekuchen,ˈkɛːzəˌkuːxn̩,Käsekuchen,Komposita.kein,Essen.Kuchen:Essen.Käsegericht
die,Currywurst,ˈkœʁiˌvʊʁst,Currywürste,Komposita.kein,Essen
die,Wurst,vʊʁst,Würste,*,Essen.Fleischprodukt
der/das,Curry,ˈkœʁi,Currys,*,Essen.Gewürz
die,Karte,ˈkaʁtə,Karten,*,
der,Espresso,ˌɛsˈpʁɛso,Espressos/Espressi,*,Getränk.Kaffee
der/die,Latte macchiato,ˈlatə maˌki̯aːto,Latte macchiato/Latte macchiatos/Latte macchiati,*,Getränk.Kaffee
der,Latte/Latte,ˈlatə,Latte,*,Getränk.Kaffee
der,Macchiato/Macchiato,maˈki̯aːto,Macchiatos,*,Getränk.Kaffee
das,Pilsner,ˈpɪlznɐ,Pilsner,*,Getränk.Alkoholgetränk
der,Snack,snɛk,Snacks,*,Essen
die,Ergänzung,ɛɐ̯ˈɡɛnt͡sʊŋ,Ergänzungen,*,
der,Wunsch,vʊnʃ,Wünsche,*,
der,Apfel,ˈap͡fl̩,Äpfel,*,Nahrungsmittel.Obst
der,Apfelsaft,ˈap͡fl̩ˌzaft,Apfelsäfte,Komposita.kein,Getränk.Saft.Fruchtsaft
das,Eis,aɪ̯s,-,*,
der,Eistee,ˈaɪ̯sˌteː,Eistees,Komposita.kein,Getränk.Erfrischungsgetränk
der,Eiskaffee,ˈaɪ̯sˌkafe,Eiskaffees,Komposita.kein,Getränk.Erfrischungsgetränk
das,Schnitzel,ˈʃnɪt͡sl̩,Schnitzel,*,Essen.Speise:Essen.Fleisch
die,Pizza,ˈpɪt͡sa,Pizzas/Pizzen,*,Essen.Speise
die,Regel,ˈʁeːɡl̩,Regeln,*,
das,Ende,ˈɛndə,Enden,de,
das,Satzende,ˈzat͡sˌʔɛndə,Satzenden,Komposita.kein,
der,Salat,zaˈlaːt,Salate,Lehnwort.it,Essen.Speise:Nahrungsmittel.Gemüse.Blattgemüse:Pflanze
die,Überraschung,yːbɐˈʁaʃʊŋ,Überraschungen,*,
der,Single,ˈsɪŋl̩,Singles,*,
das,Zentrum,ˈt͡sɛntʁʊm,Zentren,*,
die,Bank,baŋk,Banken,*,
der,Analyst,anaˈlʏst,Analysten/Analysts,*,Beruf
die,Analystin,anaˈlʏstɪn,Analystinnen,*,Beruf
-,-,ˈdaːtn̩,Daten,*,
der,Datenanalyst,ˈdaːtn̩ anaˈlʏst,Datenanalysten/Datenanalysts,*,Beruf
der,Datenanalystin,ˈdaːtn̩ anaˈlʏstɪn,Datenanalystinnen,*,Beruf
die,Konferenz,ˌkɔnfeˈʁɛnt͡s,Konferenzen,*,
die,Malerei,ˌmaːləˈʁaɪ̯,Malereien,*,
die,Idee,iˈdeː,Ideen,*,
die,Ahnung,ˈaːnʊŋ,Ahnungen,*,
der,Autor,ˈaʊ̯toːɐ̯,Autoren,*,Beruf
die,Autorin,aʊ̯ˈtoːʁɪn,Autorinnen,*,Beruf
der,Film,fɪlm,Filme,*,
das,Wunder,ˈvʊndɐ,Wunder,*,
das,Dresden,ˈdʁeːsdn̩,-,*,Stadt:Land.Deutschland
das,Salzburg,ˈzalt͡sˌbʊʁk,-,*,Stadt:Land.Österreich
das,Luzern,luˈt͡sɛʁn,-,*,Stadt:Land.Schweiz
das,Lugano,*,-,*,Stadt:Land.Schweiz
die,Touristeninformation,tuˈʁɪstn̩ʔɪnfɔʁmaˌt͡si̯oːn,Touristeninformationen,Komposita:-en-,
der,Tourist,tuˈʁɪst,Touristen,Lehnwort.en,
das,Kunstmuseum,ˈkʊnstmuˌzeːʊm,Kunstmuseen,Komposita.kein,
der,Bahnhof,ˈbaːnˌhoːf,Bahnhöfe,Komposita.kein,
die,Bahn,baːn,Bahnen,de,
der,Hof,hoːf,Höfe,*,
das,Restaurant,ʁɛstoˈʁɑ̃ː,Restaurants,Fremdwort.fr,
der,Parkplatz,ˈpaʁkˌplat͡s,Parkplätze,Komposita.kein,
der,Platz,plat͡s,Plätze,Lehnwort.la,
die,Apotheke,apoˈteːkə,Apotheken,de,
das,Café,kaˈfeː,Cafés,Fremdwort.fr,
der,Supermarkt,ˈzuːpɐˌmaʁkt,Supermärkte,Lehnwort.en:Ableitung.super-,
der,Markt,maʁkt,Märkte,*,
das,Kino,ˈkiːno,Kinos,*,
die,Bibliothek,biblioˈteːk,Bibliotheken,Lehnwort.la,
die,Bücherei,byːçəˈʁaɪ̯,Büchereien,Lehnwort.nl,
das,Geld,ɡɛlt,Gelder,de,
die,Fahrkarte,ˈfaːɐ̯ˌkaʁtə,Fahrkarten,Komposita.kein,
das,Einzelzimmer,ˈaɪ̯nt͡sl̩ˌt͡sɪmɐ,Einzelzimmer,Komposita.kein,
die,Reservierung,ʁezɛʁˈviːʁʊŋ,Reservierungen,Ableitung.-ung,
das,Frühstück,ˈfʁyːˌʃtʏk,Frühstücke,*,
das,WLAN,ˈveːlaːn,WLANs,Abkürzung:Lehnwort.en,
der,Code,koːt,Codes,Lehnwort.en,
die,Zimmerkarte,IPAhere,Zimmerkarten,Komposita.kein,
die,Person,pɛʁˈzoːn,Personen,*,
die,Angabe,ˈanˌɡaːbə,Angaben,Ableitung.implizite,
das,Formular,fɔʁmuˈlaːɐ̯,Formulare,Lehnwort.la,
die,Kreditkarte,kʁeˈdiːtˌkaʁtə,Kreditkarten,Komposita.kein,
die,Zimmernummer,ˈt͡sɪmɐˌnʊmɐ,Zimmernummern,Komposita.kein,
der,Dank,daŋk,-,*,
der,Aufenthalt,ˈaʊ̯fʔɛnthalt,Aufenthalte,*,
das,Doppelzimmer,ˈdɔpl̩ˌt͡sɪmɐ,Doppelzimmer,Komposita.kein,
der,Anreisetag,ˈanʁaɪ̯zəˌtaːk,Anreisetage,Komposita.kein,
die,Anreise,ˈanˌʁaɪ̯zə,Anreisen,Ableitung.-e,
der,Abreisetag,ˈapʁaɪ̯zəˌtaːk,Abreisetage,Komposita.kein,
die,Abreise,ˈapˌʁaɪ̯zə,Abreisen,Ableitung.-e,
die,Anzahl,ˈanˌt͡saːl,Anzahlen,Ableitung.an-,
der,Name,ˈnaːmə,Namen,*,
der,Herr,hɛʁ,Herren,*,
der,Familienname,faˈmiːli̯ənˌnaːmə,Familiennamen,Komposita.-n-,
der,Vorname,ˈfoːɐ̯ˌnaːmə,Vornamen,Komposita.kein,
der,Geburtsort,ɡəˈbuːɐ̯t͡sˌʔɔʁt,Geburtsorte,Komposita.-s-,
der,Geburt,ɡəˈbuːɐ̯t,Geburten,*,
der,Ort,ɔʁt,Orte/Örter,*,
das,Datum,ˈdaːtʊm,Daten,Lehnwort.la,
das,Geburtsdatum,ɡəˈbuːɐ̯t͡sˌdaːtʊm,Geburtsdaten,Komposita.-s-,
die,Postleitzahl,ˈpɔstlaɪ̯tˌt͡saːl,Postleitzahlen,Komposita.kein,
die,Post,pɔst,Posten,Lehnwort.it,
die,Zahl,t͡saːl,Zahlen,*,
die,Leitzahl,IPAhere,Leitzahlen,*,Fotografie
die,Unterschrift,ˈʊntɐˌʃʁɪft,Unterschriften,*,
die,Straße,ˈʃtʁaːsə,Straßen,de,
die,Hausnummer,ˈhaʊ̯sˌnʊmɐ,Hausnummern,Komposita.kein,
das,Haus,haʊ̯s,H[ä]user,*,
der,Gruß,ɡʁuːs,Gr[ü]ße,*,
die,Nachricht,ˈnaːxˌʁɪçt,Nachrichten,*,
die,Hotelbar,hoˈtɛlˌbaːɐ̯,Hotelbars,Komposita,
die,Bar,baːɐ̯,Bars,Lehnwort.en,
das,Theater,teˈaːtɐ,Theater,Lehnwort.fr,
das,Hessen,ˈhɛsn̩,-,*,Bundesland:Land.Deutschland
der,Fluss,flʊs,Flüsse,*,
der,Main,maɪ̯n,-,Toponym,
die,Finanz,fiˈnant͡s,Finanzen,Lehnwort.fr,
das,Finanzzentrum,IPAhere,Finanzentren,Komposita.kein,
das,Europa,ɔɪ̯ˈʁoːpa,-,Toponym,
die,Bundesbank,ˈbʊndəsˌbaŋk,-,Komposita.-es-,
die,Zentralbank,t͡sɛnˈtʁaːlbaŋk,Zentralnbanken,Komposita.kein,
die,Besonderheit,bəˈzɔndɐhaɪ̯t,Besonderheiten,Ableitung.-heit,
die,Skyline,ˈskaɪ̯laɪ̯n,Skylines,Lehnwort.en,
das,Hochhaus,ˈhoːxˌhaʊ̯s,Hochh[ä]user,Komposita,
die,Mitte,ˈmɪtə,Mitten,Kurzform,
der,Mittelpunkt,ˈmɪtl̩ˌpʊŋkt,Mittelpunkte,Ableitung.mittel-,
der,Punkt,pʊŋkt,Punkte,de,
der,Flughafen,ˈfluːkˌhaːfn̩,Flughäfen,Komposita.kein,
der,Flug,fluːk,Flüge,*,
der,Hafen,ˈhaːfn̩,Häfen,*,
der,Passagier,ˌpasaˈʒiːɐ̯,Passagiere,Lehnwort.fr,
die,Universität,ˌunivɛʁziˈtɛːt,Universitäten,Lehnwort.la,
die,Hochschule,ˈhoːxˌʃuːlə,Hochschulen,Komposita.kein,
die,Oper,ˈoːpɐ,Opern,Lehnwort.it,
der,Besucher,bəˈzuːxɐ,Besucher,Ableitung.-er,
das,Gemälde,ɡəˈmɛːldə,Gemälde,*,
der,Freund,fʁɔɪ̯nt,Freunde,de,
die,Dame,ˈdaːmə,Damen,Lehnwort.fr,
die,Lösung,ˈløːzʊŋ,Lösungen,Ableitung.-ung,
der,Regen,ˈʁeːɡn̩,Regen,de,Wetter
die,Kaffeetasse,ˈkafeˌtasə,Kaffeetassen,Komposita.kein,
das,Treffen,ˈtʁɛfn̩,Treffen,Ableitung.Konversion,
die,Sachertorte,ˈzaxɐˌtɔʁtə,Sachertorten,Komposita.kein,Essen.Kuchen
die,Elbe,ˈɛlbə,-,Toponym,
der,Fußballverein,ˈfuːsbalfɛɐ̯ˌʔaɪ̯n,Fußballvereine,Komposita.kein,
der,Verein,fɛɐ̯ˈʔaɪ̯n,Vereine,Ableitung.Konversion,
die,Firma,ˈfɪʁma,Firmen,Lehnwort.it,
die,Redaktion,ʁedakˈt͡si̯oːn,Redaktionen,Lehnwort.fr,
das,Rätsel,ˈʁɛːt͡sl̩,Rätsel,Ableitung.Konversion,
der,Rat,ʁaːt,Räte,Ableitung.Konversion,
das,Käsebrötchen,ˈkɛːzəˌbʁøːtçən,Käsebrötchen,Komposita.kein,Essen.Gebäck
das,Essen,ˈɛsn̩,Essen,de,
die,Handlung,ˈhandlʊŋ,Handlungen,Ableitung.-ung,
das,Lernziel,ˈlɛʁnˌt͡siːl,Lernziele,Komposita.kein,
das,Ziel,t͡siːl,Ziele,de,
das,Interesse,ɪntəˈʁɛsə,Interessen,Lehnwort.la,
der,Fuß,fuːs,Füße,de,Anatomie
der,Ball,bal,Bälle,de,
die,Einwohnerzahl,ˈaɪ̯nvoːnɐˌt͡saːl,Einwohnerzahlen,Komposita.kein,
der,Balken,ˈbalkn̩,Balken,de,
das,Diagramm,diaˈɡʁam,Diagramme,Lehnwort.grc,
das,Balkendiagramm,ˈbalkn̩diaˌɡʁam,Balkendiagramme,Komposita.kein,
das,Wohnen,ˈvoːnən,-,Ableitung.Konversion,
die,Wohnung,ˈvoːnʊŋ,Wohnungen,Ableitung.-ung,
der,Raum,ʁaʊ̯m,R[äu]me,de,
die,Einrichtung,ˈaɪ̯nˌʁɪçtʊŋ,Einrichtungen,Ableitung.-ung,
das,Möbel,ˈmøːbl̩,Möbel/Möbeln,Lehnwort.fr,
der,Haushalt,ˈhaʊ̯shalt,Haushalte,Ableitung.Konversion,
die,Miete,ˈmiːtə,Mieten,de,
das,Mietverhältnis,ˈmiːtfɛɐ̯hɛltnɪs,Mietverhältnisse,Komposita.kein,
das,Verhältnis,fɛɐ̯ˈhɛltnɪs,Verhältnisse,Ableitung.-nis,
der,Wohnungswechsel,ˈvoːnʊŋsˌvɛksl̩,Wohnungswechsel,Komposita.-s-,
der,Wechsel,ˈvɛksl̩,Wechsel,de,
die,Bezeichnung,bəˈt͡saɪ̯çnʊŋ,Bezeichnungen,Ableitung.-ung,
die,Prüfung,ˈpʁyːfʊŋ,Prüfungen,Ableitung.-ung,
die,Pause,ˈpaʊ̯zə,Pausen,de,
das/der,Viertel,ˈfɪʁtl̩,Viertel,Ableitung.-tel,
der,Unterricht,ˈʊntɐˌʁɪçt,Unterrichte,*,
die,Zeit,t͡saɪ̯t,Zeiten,de,
die,Zeitangabe,ˈt͡saɪ̯tʔanˌɡaːbə,Zeitangaben,Komposita.kein,
der,Zeitpunkt,ˈt͡saɪ̯tˌpʊŋkt,Zeitpunkte,Komposita.kein,
die,Dauer,ˈdaʊ̯ɐ,Dauern,Ableitung.Konversion,
die,Stunde,ˈʃtʊndə,Stunden,de,Zeit
der/das,Monat,ˈmoːnat,Monate,de,Zeit
die,Woche,ˈvɔxə,Wochen,de,Zeit
die,Minute,miˈnuːtə,Minuten,Lehnwort.la,Zeit
die,Sekunde,zeˈkʊndə,Sekunden,Lehnwort.la,Zeit
der,Wochentag,ˈvɔxn̩ˌtaːk,Wochentage,Komposita.-n-,Zeit
der,Arbeitstag,ˈaʁbaɪ̯t͡sˌtaːk,Arbeitstage,Komposita.-s-,Zeit
das,Wochenende,ˈvɔxn̩ˌʔɛndə,Wochenenden,Komposita.-n-,Zeit
der,Montag,ˈmoːnˌtaːk,Mentage,de,Zeit
der,Dienstag,ˈdiːnsˌtaːk,Dienstage,de,Zeit
der,Mittwoch,ˈmɪtˌvɔx,Mittwoche,de,Zeit
der,Donnerstag,ˈdɔnɐsˌtaːk,Donnerstage,de,Zeit
der,Freitag,ˈfʁaɪ̯taːk,Freitage,de,Zeit
der,Samstag,ˈzamstaːk,Samstage,de,Zeit
der,Sonntag,ˈzɔnˌtaːk,Sonntage,de,Zeit
der,Vormittag,ˈfoːɐ̯mɪˌtaːk,Vormittage,Ableitung.vor-,Zeit
der,Mittag,ˈmɪtaːk,Mittage,de,Zeit
der,Nachmittag,ˈnaːxmɪˌtaːk,Nachmittage,Ableitung.nach-,Zeit
der,Bericht,bəˈʁɪçt,Berichte,Ableitung.Konversion,Zeit
der,Mittwochvormittag,mɪtvɔxˈfoːɐ̯mɪtaːk,Mittwochvormittage,Komposita.kein,Zeit
der,Montagnachmittag,ˈmoːntaːkˌnaːxmɪtaːk,Montagnachmittage,Komposita.kein,Zeit
der,Freitagnachmittag,ˈfʁaɪ̯taːkˌnaːxmɪtaːk,Freitagnachmittage,Komposita.kein,Zeit
die,Tagesablauf,ˈtaːɡəsˌʔaplaʊ̯f,Tagesabläufe,Komposita.-es-,
der,Ablauf,ˈapˌlaʊ̯f,Abläufe,Ableitung.Konversion,
die,Statistikerin,ʃtaˈtɪstɪkəʁɪn,Statistikerinnen,*,Beruf
der,Statistiker,ʃtaˈtɪstɪkɐ,Statistiker,Ableitung.-er,Beruf
die,Statistik,ʃtaˈtɪstɪk,Statistiken,Lehnwort.fr,Mathematik
der/die,Fraunhofer,ˈfʁaʊ̯nˌhoːfɐ,Fraunhofers/Fraunhofer,*,Familienname.Deutschland
der,Motorroller,ˈmoːtoːɐ̯ˌʁɔlɐ,Motorroller,Komposita.kein,
der,Motor,ˈmoːtoːɐ̯,Motor,Lehnwort.la,
der,Roller,ˈʁɔlɐ,Roller,de,
die,Analyse,anaˈlyːzə,Analysen,Lehnwort.la,
das,Team,tiːm,Teams,Lehnwort.en,
die,Teambesprechung,IPAhere,Teambesprechungen,Komposita.kein,
der,Mittagspause,ˈmɪtaːksˌpaʊ̯zə,Mittagspausen,Komposita.-s-,
der,Kollege,kɔˈleːɡə,Kollegen,Lehnwort.la,
der,Schuh,ʃuː,Schuhe,de,
das,Bett,bɛt,Betten,de,
das,Seminar,zemiˈnaːɐ̯,Seminare,Lehnwort.de,
die,Vorlesung,ˈfoːɐ̯ˌleːzʊŋ,Vorlesungen,Ableitung.-ung,
das,Praktikum,ˈpʁaktikʊm,Praktika,Lehnwort.la,
die,Party,ˈpaːɐ̯ti,Partys,Lehnwort.en,
die,Fahrt,faːɐ̯t,Fahrten,Ableitung.-t,
das,Glas,ɡlaːs,Gläser,de,Werkzeug.Küche
der,Kochkurs,ˈkɔxˌkʊʁs,Kochkurse,Komposita.kein,
der,Kurs,kʊʁs,Kurse,Lehnwort.la,
der,Sprachkurs,ˈʃpʁaːxˌkʊʁs,Sprachkurse,Komposita.kein,
der,Tanzkurs,ˈtant͡sˌkʊʁs,Tanzkurse,Komposita.kein,
der,Anfänger,ˈanˌfɛŋɐ,Anfänger,Ableitung.Konversion,
der,Fortgeschrittene,ˈfɔʁtɡəˌʃʁɪtənɐ,Fortgeschrittenen,Ableitung.er:Deklination,
der,Tanz,tant͡s,Tänze,Lehnwort.fr,
die,Tanzpartnerin,ˈtant͡sˌpaʁtnəʁɪn,Tanzpartnerinnen,Ableitung.-in,Person.weiblich
der,Tanzpartner,ˈtant͡sˌpaʁtnɐ,Tanzpartner,Komposita.kein,Person.männlich
der,Partner,ˈpaʁtnɐ,Partner,Lehnwort.en,Person.männlich
die,Spezialität,ʃpet͡si̯aliˈtɛːt,Spezialitäten,Lehnwort.la:Ableitung.-ität,
die,Gruppe,ˈɡʁʊpə,Gruppen,Lehnwort.fr,
der,Kontakt,kɔnˈtakt,Kontakte,Lehnwort.la,
das,Fitnessstudio,ˈfɪtnɛsˌʃtuːdi̯o,Fitnessstudios,Komposita.kein,
die,Fitness,ˈfɪtnɛs,-,Lehnwort.en,
das,Studio,ˈʃtuːdi̯o,Studio,Lehnwort.it,
der,Hausarzt,ˈhaʊ̯sˌʔaːɐ̯t͡st,Hausärzte,Komposita.kein,Beruf
die,Hausärztin,ˈhaʊ̯sˌʔaːɐ̯t͡st,Hausärztinnen,Ableitung.-in,Beruf
der,Hunger,ˈhʊŋɐ,-,de,
die,Mitternacht,ˈmɪtɐˌnaxt,Mitternächte,Komposita.-r-,
die,Kantine,kanˈtiːnə,Kantinen,Lehnwort.fr,
der,Durchschnitt,ˈdʊʁçˌʃnɪt,Durchschnitte,Ableitung.Konversion,
der/das,Liter,ˈliːtɐ,Liter,Lehnwort.fr,Maßeinheit
die,Sorte,ˈzɔʁtə,Sorten,Lehnwort.la,
der,Milchkaffee,ˈmɪlçkaˌfeː,Milchkaffees,Komposita.kein,
der,Wein,vaɪ̯n,Weine,Lehnwort.la,Getränk.Weinbau
das,Gericht,ɡəˈʁɪçt,Gerichte,Ableitung.Ge-,Nahrung
die,Rösti,ˈʁøːsti,-,HERKUNFT,Gastronomie:Essen.Schweizer
die,Bratwurst,ˈbʁaːtˌvʊʁst,Bratwürste,Komposita.kein,Essen.Braten
der,Kartoffelsalat,kaʁˈtɔfl̩zaˌlaːt,Kartoffelsalate,Komposita.kein,Essen.Salat
die,Kartoffel,kaʁˈtɔfl̩,Kartoffeln,Lehnwort.it,Botanik
die,Tradition,tʁadiˈt͡si̯oːn,Traditionen,Lehnwort.la,
der,Weißwein,ˈvaɪ̯sˌvaɪ̯n,Weißweine,Komposita.kein,Weinbau
die,Backware,ˈbakˌvaːʁə,Backwaren,Komposita.kein,Gastronomie:Essen.Konditorei
die,Ware,ˈvaːʁə,Waren,de,
die,Süßware,ˈzyːsˌvaːʁə,Süßwaren,Komposita.kein,Gastronomie
die,Torte,ˈtɔʁtə,Torten,Lehnwort.it.la,
das,Fett,fɛt,Fette,de,
das,Öl,øːl,Öle,de.la.grc,
die/der/das,Butter,ˈbʊtɐ,-,de.la.grc,
die,Sahne,ˈzaːnə,-,de.ndl,
das,Fleisch,flaɪ̯ʃ,-,de,Anatomie:Nahrungsmittel
das,Rindfleisch,ˈʁɪntˌflaɪ̯ʃ,-,Komposita.kein,Essen.Fleisch
das,Rind,ʁɪnt,Rinder,de,
das,Hühnerfleisch,ˈhyːnɐˌflaɪ̯ʃ,-,Komposita.-er-:Komposita.Umlaut,Essen.Fleisch
das,Huhn,huːn,Hühner,de,Zoologie
die,Leberwurst,ˈleːbɐˌvʊʁst,Leberwürste,Komposita.kein,Essen.Lebensmittel
die,Leber,ˈleːbɐ,Lebern,de,Anatomie:Gastronomie
der,Schinken,ˈʃɪŋkn̩,Schinken,de,Gastronomie
das,Milchprodukt,ˈmɪlçpʁoˌdʊkt,Milchprodukte,Komposita.kein,Nahrungsmittel
das,Produkt,pʁoˈdʊkt,Produkte,Lehnwort.la,Wissenschaft.Wirtschaft:Wissenschaft.Mathematik:Wissenschaft.Chemie
der,Fisch,fɪʃ,Fische,de,Zoologie:Essen.Fleisch
das,Ei,aɪ̯,Eier,de,Wissenschaft.Biologie:Gastronomie
der,Quark,kvaʁk,-,de,Essen.Milchprodukt
der,Joghurt,ˈjoːɡʊʁt,Joghurts,Lehnwort.tr,Essen.Milchprodukt
der,Lachs,laks,Lachse,de,Zoologie.Ichtyologie
das,Getreideprodukt,ɡəˈtʁaɪ̯dəpʁoˌdʊkt,Getreideprodukte,Komposita.kein,
das,Getreide,ɡəˈtʁaɪ̯də,Getreide,de,Botanik
die,Nudel,ˈnuːdl̩,Nudeln,ungeklärt,
das,Obst,oːpst,-,de,Nahrungsmittel
das,Gemüse,ɡəˈmyːzə,Gemüse,de,Nahrungsmittel
der,Paprika,ˈpapʁika,Paprika/Paprikas,Lehnwort.hu,Botanik:Nahrungsmittel.Gemüse
die,Gurke,ˈɡʊʁkə,Gurken,Lehnwort.pl,Botanik:Nahrungsmittel.Gemüse
die,Zwiebel,ˈt͡sviːbl̩,Zwiebeln,de,Botanik:Nahrungsmittel.Gemüse
das,Sauerkraut,ˈzaʊ̯ɐˌkʁaʊ̯t,-,Komposita.kein,Gastronomie
das,Kraut,kʁaʊ̯t,Kräuter,de,Essen.Gewürz:Nahrungsmittel.Gemüse:Botanik:Medizin
die,Birne,ˈbɪʁnə,Birnen,de.la,Nahrungsmittel.Obst
die,Erdbeere,ˈeːɐ̯tbeːʁə,Erdbeeren,Komposita.kein,Nahrungsmittel.Obst
die,Erde,ˈeːɐ̯də,Erden,de,
die,Beere,ˈbeːʁə,Beeren,de,Botanik:Nahrungsmittel.Obst
die,Banane,baˈnaːnə,Bananen,Lehnwort.pt,Nahrungsmittel.Obst
die,Ananas,ˈananas,Ananas/Ananasse,Lehnwort.pt,Botanik:Nahrungsmittel.Obst
die,Tomate,toˈmaːtə,Tomaten,Lehnwort.fr.es,Botanik:Nahrungsmittel.Gemüse
das,Lebensmittel,ˈleːbn̩sˌmɪtl̩,Lebensmittel,Komposita.-s-,Nahrungsmittel
der,Tomatensalat,toˈmaːtn̩zaˌlaːt,Tomatensalate,Komposita.-n-,Essen.Salat:Essen.Speise
die,Tomatensuppe,toˈmaːtn̩ˌzʊpə,Tomatensuppen,Komposita.-n-,Essen.Speise:Gastronomie:Essen.Suppe
der,Tomatensaft,toˈmaːtn̩ˌzaft,Tomatensäfte,Komposita.kein,Getränk.Saft.Gemüsesaft
die,Kartoffelsuppe,kaʁˈtɔfl̩ˌzʊpə,Kartoffelsuppen,Komposita.kein,Gastronomie:Essen.Speise:Essen.Suppe
der,Apfelkuchen,ˈap͡fl̩ˌkuːxn̩,Apfelkuchen,Komposita.kein,Essen.Kuchen
das,Schinkenbrötchen,ˈʃɪŋkn̩ˌbʁøːtçən,Schinkenbrötchen,Komposita.kein,Essen.Gebäck:Essen.Fleisch:Essen.Speise
die,Nudelsuppe,ˈnuːdl̩ˌzʊpə,Nudelsuppen,Komposita.kein,Essen.Speise:Gastronomie:Essen.Suppe:Essen.Nudelgericht
der,Nudelsalat,ˈnuːdl̩zaˌlaːt,Nudelsalate,Komposita.kein,Essen.Salat:Essen.Speise
die,Fischsuppe,ˈfɪʃzʊpə,Fischsuppen,Komposita.kein,Essen.Suppe:Essen.Fischgericht:Essen.Speise
das,Fischbrötchen,ˈfɪʃˌbʁøːtçən,Fischbrötchen,Komposita.kein,Essen.Gebäck:Essen.Fischgericht:Essen.Speise
der,Käsesalat,IPAhere,Käsesalate,Komposita.kein,Essen.Salat:Essen.Speise:Essen.Käsegericht
das,Käsebrötchen,ˈkɛːzəˌbʁøːtçən,Käsebrötchen,Komposita.kein,Essen.Gebäck:Essen.Käsegericht:Essen.Speise
der,Rotwein,ˈʁoːtˌvaɪ̯n,Rotweine,Komposita.kein,Getränk.Wein:Getränk.alkoholisch
die,Vorspeise,ˈfoːɐ̯ˌʃpaɪ̯zə,Vorspeisen,Ableitung.vor-,Essen.Gang
das,Hauptgericht,ˈhaʊ̯ptɡəˌʁɪçt,Hauptgerichte,Ableitung.haupt-,Essen.Gang
das,Dessert,dɛˈseːɐ̯,Desserts,Lehnwort.fr.la,
die,Gemüsesuppe,ɡəˈmyːzəˌzʊpə,Gemüsesuppen,Komposita.kein,Essen.Speise:Essen.Suppe
das,Glück,ɡlʏk,-,de,
die,Rechnung,ˈʁɛçnʊŋ,Rechnungen,Ableitung.-ung,Gastronomie
der,Gurkensalat,ˈɡʊʁkn̩zaˌlaːt,Gurkensalate,Komposita.-n-,Essen.Salat:Essen.Speise
das,Steak,stɛɪ̯k,Steaks,Lehnwort.en,Essen.Braten:Essen.Fleisch
-,-,ˈpɔməs,Pommes,Kurzform,
-,-,pɔmˈfʁɪt,Pommes frites,Lehnwort.fr,Essen.Speise:Essen.Kartoffelgericht
der,Obstsalat,ˈoːpstzaˌlaːt,Obstsalate,Komposita.kein,Essen.Salat:Essen.Speise
das,Messer,ˈmɛsɐ,Messer,de,Werkzeug.Küche
die,Gabel,ˈɡaːbl̩,Gabeln,de,Werkzeug.Küche
der,Löffel,ˈlœfl̩,Löffel,de,Werkzeug.Küche
[der]/das,Teller,ˈtɛlɐ,Teller,Lehnwort.fr.la,Werkzeug.Küche
der,Topf,tɔp͡f,Töpfe,de,Werkzeug.Küche
die,Pfanne,ˈp͡fanə,Pfannen,de.la.grc,Werkzeug.Küche
der,Pfeffer,ˈp͡fɛfɐ,Pfeffer,de.la,Essen.Gewürz
das,Salz,zalt͡s,Salze,de,Essen.Gewürz
der,Kräutertee,ˈkʁɔɪ̯tɐˌteː,Kräutertees,Komposita.-er:Komposita.Umlaut,Getränk
das,Lieblingsrestaurant,ˈliːplɪŋsʁɛstoˌʁɑ̃ː,Lieblingsrestaurants,Komposita.Lieblings-,
das,Thailändlisch/Thailändische,ˈtaɪ̯ˌlɛndɪʃ/ˈtaɪ̯ˌlɛndɪʃə,-,Ableitung.-isch,Sprache
das,Thailand,ˈtaɪ̯lant,-,Ableitung.-isch,Land
das,Mexiko,ˈmɛksikoː,-,*,Land
die,Speisekarte,ˈʃpaɪ̯zəˌkaʁtə,Speisekarten,Komposita.kein,Gastronomie
das,Angebot,ˈanɡəˌboːt,Angebote,Ableitung.implizite,
der,Stern,ʃtɛʁn,Sterne,de,Wissenschaft.Astronomie
der,Reis,ʁaɪ̯s,Reise,de.la,Gastronomie:Botanik
der,Sprudel,ˈʃpʁuːdl̩,Sprudel,de,Getränk
der,Whisky,ˈvɪski,Whiskys,Lehnwort.en,Getränk.alkoholisch
die,Mozartkugel,ˈmoːt͡saʁtˌkuːɡl̩,Mozartkugeln,Komposita.kein,Essen.Praline
die,Kugel,ˈkuːɡl̩,Kugeln,de,Wissenschaft.Mathematik.Geometrie
der,Erfinder,ɛɐ̯ˈfɪndɐ,Erfinder,Ableitung.-er,Person.männlich
der,Konditor,kɔnˈdiːtoːɐ̯,Konditoren,Lehnwort.la,Person.männlich
die,Konditorei,ˌkɔnditoˈʁaɪ̯,Konditoreien,Ableitung.-ei,
die,Hand,hant,Händer,de,Anatomie
das,Original,oʁiɡiˈnaːl,Originale,Lehnwort.la,
das,Geschäft,ɡəˈʃɛft,Geschäfte,de,
die,Pistazie,pɪsˈtaːt͡si̯ə,Pistazien,Lehnwort.la,Nahrungsmittel.Obst
das,Marzipan,ˈmaʁt͡sipaːn,Marzipane,*,Essen.Süßigkeiten
der/[das],Nougat,ˈnuːɡat,Nougats,*,Essen.Süßigkeiten
der,Ursprung,ˈuːɐ̯ˌʃpʁʊŋ,Ursprünge,de,
das,Lateinamerika,laˈtaɪ̯nʔaˌmeːʁika,-,*,Geografie
die,Tonne,ˈtɔnə,Tonnen,de,Maßeinheit.Gewichtseinheit
der,Berg,bɛʁk,Berge,de,Geologie
das,Gummibärchen,ˈɡʊmiˌbɛːɐ̯çən,Gummibärchen,Ableitung.-chen,Essen.Süßigkeiten
der,Gummibär,ˈɡʊmibɛːɐ̯,Gummibären,Komposita.kein,Essen.Süßigkeiten
der/das,Gummi,ˈɡʊmi,Gummi/[Gummis],de,
der/das,Fruchtgummi,IPAhere,Fruchtgummis,Komposita.kein,Essen.Süßigkeiten
der,Bär,bɛːɐ̯,Bären,de,Zoologie
der,Marktführer,ˈmaʁktˌfyːʁɐ,Marktführer,Komposita.kein,
der,Führer,ˈfyːʁɐ,Führer,Ableitung.-er,
die,Industrie,ɪndʊsˈtʁiː,Industrien,Lehnwort.fr,
die,Teigware,ˈtaɪ̯kˌvaːʁə,Teigwaren,Komposita.kein,Essen.Gebäck:Gastronomie
das,Koffein,kɔfeˈiːn,-,de,
der,Teig,taɪ̯k,Teige,de,Essen.Gebäck
der,Riesling,ˈʁiːslɪŋ,Rieslinge,ungeklärt,
der,Mond,moːnt,Monde,de,
der,Urlaub,ˈuːɐ̯ˌlaʊ̯p,Urlaube,de,
die,Lust,lʊst,Lüste,de,
das,Gespräch,ɡəˈʃpʁɛːç,Gespräche,Ableitung.ge-:Ableitung.Umlaut,
der,Krimi,ˈkʁɪmi,Krimis,Kurzform,
der,Mord,mɔʁt,Morde,de,Recht
der,Vortrag,ˈfoːɐ̯ˌtʁaːk,Vorträge,de,
die,Schule,ˈʃuːlə,Schulen,de,Bildung
das,Studium,ˈʃtuːdi̯ʊm,Studien,Lehnwort.la,Bildung
der,Gang,ɡaŋ,Gänge,Ableitung.Konversion,
der,Studiengang,ˈʃtuːdi̯ənˌɡaŋ,Studiengänge,Komposita.-en-,Bildung
der,Abschluss,ˈapˌʃlʊs,Abschlüsse,*,Bildung
das,Ausland,ˈaʊ̯slant,-,de,
die,Mensa,ˈmɛnza,Mensen/Mensas,Kurzform:Lehnwort.la,
der,Lesesaal,ˈleːzəˌzaːl,Leses[ä]le,Komposita.-e-,
der,Saal,zaːl,S[ä]le,de,
der,Hörsaal,ˈhøːɐ̯ˌzaːl,Hörs[ä]le,Komposita.kein,
der,Saminarraum,zemiˈnaːɐ̯ˌʁaʊ̯m,Saminarr[äu]me,Komposita.kein,
das,Sekretariat,zekʁetaˈʁi̯aːt,Sekretariate,Lehnwort.la,
der,Sekretär,zekʁeˈtɛːɐ̯,Sekretäre,Lehnwort.la:Lehnwort.fr,Person.männlich:Möbel
die,Sekretärin,zekʁeˈtɛːʁɪn,Sekretärinnen,Ableitung.-in,Person.weiblich
die,Cafeteria,kafeteˈʁiːa,Cafeterien/Cafeterias,Lehnwort.en.es,
die,Sprachenschule,ˈʃpʁaːxn̩ˌʃuːlə,Sprachenschulen,Komposita.-n-,Bildung
die,Anmeldung,ˈanˌmɛldʊŋ,Anmeldungen,Ableitung.-ung,
der,Hinweis,ˈhɪnˌvaɪ̯s,Hinweise,Ableitung.Konversion,
die,Ruhe,ˈʁuːə,-,de,
die,Verwaltung,fɛɐ̯ˈvaltʊŋ,Verwaltungen,Ableitung.-ung,
der,Spaß,ʃpaːs,Sp[ä]ße,Lehnwort.it,
der,Professor,pʁoˈfɛsoːɐ̯,Professoren,Lehnwort.la,Person.männlich
die,Professorin,pʁofɛˈsoːʁɪn,Professorinnen,Ableitung.-in,Person.weiblich
die,Zimmersuche,ˈt͡sɪmɐˌzuːxə,Zimmersuchen,Komposita.kein,
die,Suche,ˈzuːxə,Suchen,Ableitung.-e,
der,Wahnsinn,ˈvaːnzɪn,-,de,
das,Studienfach,ˈʃtuːdi̯ənˌfax,Studienfächer,Komposita.-en-,
das,Fach,fax,Fächer,de,
der,Anfang,ˈanˌfaŋ,Anfänge,Ableitung.Konversion,
die,Note,ˈnoːtə,Noten,Lehnwort.la,
die,Studiengebühr,ˈʃtuːdi̯ənɡəˌbyːɐ̯,Studiengebühren,Komposita.-en-,Bildung
die,Gebühr,ɡəˈbyːɐ̯,Gebühren,Ableitung.Konversion,
der,Dozent,doˈt͡sɛnt,Dozenten,Ableitung.-ent,Bildung
das,Gerät,ɡəˈʁɛːt,Geräte,de,Gegenstand
das,Fernsehen,ˈfɛʁnˌzeːən,-,de,Gegenstand
die,Ausbildung,ˈaʊ̯sˌbɪldʊŋ,Ausbildungen,Ableitung.-ung,
der,Lehrling,ˈleːɐ̯lɪŋ,Lehrlinge,Ableitung.-ling,
das,Lehrjahr,ˈleːɐ̯ˌjaːɐ̯,Lehrjahre,Komposita.kein,
die,Form,fɔʁm,Formen,de.la,
die,Freitagabend,ˌfʁaɪ̯taːkˈʔaːbn̩t,Freitagabende,Komposita.kein,Zeit
das,Verkehrsmittel,fɛɐ̯ˈkeːɐ̯sˌmɪtl̩,Verkehrsmittel,Komposita.kein,
der,Verkehr,fɛɐ̯ˈkeːɐ̯,Verkehre,Ableitung.Konversion,
das,Mittel,ˈmɪtl̩,Mittel,de,
der,Stau,ʃtaʊ̯,Staus/Staue,Ableitung.Konversion,
die,Urlaubsreise,ˈuːɐ̯laʊ̯psˌʁaɪ̯zə,Urlaubsreisen,Komposita.-s-,
der,Weg,veːk,Wege,de,
die,Großstadt,ˈɡʁoːsˌʃtat,Großstädte,Komposita.kein,
die,Straßenbahn,ˈʃtʁaːsn̩ˌbaːn,Straßenbahnen,Komposita.-n-,
die/[das],Tram,tʁam,Trams,Lehnwort.en,
das,Flugzeug,ˈfluːkˌt͡sɔɪ̯k,Flugzeuge,Komposita.kein,Verkehrsmittel
der,Bus,bʊs,Busse,Lehnwort.en,Verkehrsmittel
der,Zug,t͡suːk,Züge,de,Verkehrsmittel
die,S-Bahn,ˈɛsˌbaːn,S-Bahnen,Kurzform,Verkehrsmittel
der,Fahrgast,ˈfaːɐ̯ˌɡast,Fahrgäste,Komposita.kein,
der,Intercityzug,ɪntɐˈsɪtiˌt͡suːk,Intercityzüge,Komposita.kein,Verkehrsmittel
der,Intercity,ɪntɐˈsɪti,Intercitys,Kurzform,Verkehrsmittel
der,Eurocityzug,IPAhere,Eurocityzüge,Komposita.kein,Verkehrsmittel
der,Eurocity,IPAhere,Eurocitys,Kurzform,Verkehrsmittel
das,Fahrrad,ˈfaːɐ̯ˌʁaːt,Fahrräder,Komposita.kein,Verkehrsmittel
das,Fahrradfahren,ˈfaːɐ̯ʁaːtˌfaːʁən,-,Komposita.kein,
das,Motorrad,ˈmoːtoːɐ̯ˌʁaːt,Motorräder,Komposita.kein,Verkehrsmittel
das,Rad,ʁaːt,Räder,de,Verkehrsmittel
das,Boot,boːt,Boote/Böte,de,Verkehrsmittel
das,Schiff,ʃɪf,Schiffe,de,Verkehrsmittel
die,Fähre,ˈfɛːʁə,Fähren,de,Verkehrsmittel
der/[das],Taxi,ˈtaksi,Taxis/Taxen,Lehnwort.en.fr.la,Verkehrsmittel
die,Schnellbahn,IPAhere,Schnellbahnen,Komposita.kein,Verkehrsmittel
die,U-Bahn,ˈuːˌbaːn,U-Bahnen,Kurzform,Verkehrsmittel
die,Untergrundbahn,ˈʊntɐɡʁʊntˌbaːn,Untergrundbahnen,Komposita.kein,Verkehrsmittel
der,Untergrund,ˈʊntɐˌɡʁʊnt,Untergründe,Komposita.kein,
der,Grund,ɡʁʊnt,Gründe,de,
die,Metro,ˈmeːtʁo,Metros,Lehnwort.fr:Kurzform,Verkehrsmittel
die,Straßenbahn,ˈʃtʁaːsn̩ˌbaːn,Straßenbahnen,Komposita.-n-,Verkehrsmittel
das,Bahnticket,IPAhere,Bahntickets,Komposita.kein,
der,Fahrkartenautomat,ˈfaːɐ̯kaʁtn̩ʔaʊ̯toˌmaːt,Fahrkartenautomaten,Komposita.-n-,
der,Schalter,ˈʃaltɐ,Schalter,Ableitung.-er:de,
der,Informationsschalter,IPAhere,Informationsschalter,Komposita.-s-,
der,Check-in-Schalter,ˈt͡ʃɛkʔɪnˌʃaltɐ,Check-In-Schalter,Komposita.-,
der,Flugsteig,ˈfluːkˌʃtaɪ̯k,Flugsteige,Komposita.kein,
der,Steig,ʃtaɪ̯k,Steige,Ableitung.Konversion,
das,Gate,ʃtaɪ̯k,Gates,Lehnwort.en,
das,Gleis,ɡlaɪ̯s,Gleise,de,
die,Schiene,ˈʃiːnə,Schienen,de,
das,Flugticket,ˈfluːkˌtɪkət,Flugtickets,Komposita.kein,
das,Ticket,ˈtɪkət,Tickets,Lehnwort.en,
der,Fahrplan,ˈfaːɐ̯ˌplaːn,Fahrpläne,Komposita.kein,
der,Plan,plaːn,Pläne,Lehnwort.fr,
die,Ampel,ˈampl̩,Ampeln,Lehnwort.la,
das,Haltesignal,IPAhere,Haltesignale,Komposita.-e-,
der,Halt,halt,Halte/Halts,Ableitung.Konversion,
der,Sitzplatz,ˈzɪt͡sˌplat͡s,Sitzplätze,Komposita.kein,
der,Flugplan,IPAhere,Flugpläne,Komposita.kein,
die,Tankstelle,ˈtaŋkˌʃtɛlə,Tankstellen,Komposita.kein,
das,Fahrzeug,ˈfaːɐ̯ˌt͡sɔɪ̯k,Fahrzeuge,Komposita.kein,
das,Zeug,t͡sɔɪ̯k,Zeuge,de,
der,Thank,taŋk,Tanks/Tanke,Lehnwort.en,
die,Stelle,ˈʃtɛlə,Stellen,Ableitung.Konversion,
die,Autobahn,ˈaʊ̯toˌbaːn,Autobahnen,Komposita.kein,
die,Passkontrolle,ˈpaskɔnˌtʁɔlə,Passkontrollen,Komposita.kein,
der,Pass,pas,Pässe,Lehnwort.fr:Lehnwort.en,
die,Kontrolle,kɔnˈtʁɔlə,Kontrollen,Lehnwort.fr,
der,Autofahrer,ˈaʊ̯toˌfaːʁɐ,Autofahrer,Komposita.kein,Person.männlich
der,Fahrer,ˈaʊ̯toˌfaːʁɐ,Fahrer,Ableitung.-er,Person.männlich
das,Verkehrsschild,fɛɐ̯ˈkeːɐ̯sˌʃɪlt,Verkehrsschilder,Ableitung.-s-,
der,Schild,ʃɪlt,Schilde,de,
der,Großraum,ˈɡʁoːsˌʁaʊ̯m,Großräume,Komposita.kein,
der,Großraumwagen,ˈɡʁoːsʁaʊ̯mˌvaːɡn̩,Großraumwagen/Großraumwägen,Komposita.kein,
der,Wagen,ˈvaːɡn̩,Wagen/Wägen,de,
der,Abflug,ˈapˌfluːk,Abflüge,Ableitung.Konversion,
die,Abfahrt,ˈapˌfaːɐ̯t,Abfahrten,Ableitung.Konversion,
die,Ankunft,ˈankʊnft,Ankünfte,Ableitung.an-,
die,Ankunftshalle,ˈankʊnft͡sˌhalə,Ankunftshallen,Komposita.-s-,
die,Halle,ˈhalə,Hallen,de,
das,Sicherheitspersonal,ˈzɪçɐhaɪ̯t͡spɛʁzoˌnaːl,-,Komposita.-s-,Person
das,Personal,pɛʁzoˈnaːl,-,Lehnwort.la,Person
die,Sicherheit,ˈzɪçɐhaɪ̯t,Sicherheiten,Ableitung.-heit,
der,Automat,aʊ̯toˈmaːt,Automaten,Lehnwort.la,
das,Benzin,bɛnˈt͡siːn,Benzine,de,Wissenschaft.Chemie
die,Verspätung,fɛɐ̯ˈʃpɛːtʊŋ,Verspätungen,Ableitung.-ung,
das,Semesterticket,zeˈmɛstɐˌtɪkət,Semestertickets,Komposita.kein,
das,Semester,zeˈmɛstɐ,Semester,Lehnwort.la,
die,Hinfahrt,ˈhɪnˌfaːɐ̯t,Hinfahrten,Komposita.kein,
die,Rückfahrt,ˈʁʏkˌfaːɐ̯t,Rückfahrten,Ableitung.rück-,
die,Durchsage,ˈdʊʁçˌzaːɡə,Durchsagen,Komposita.kein,
die,Sage,ˈzaːɡə,Sagen,de,
der,Hauptbahnhof,ˈhaʊ̯ptbaːnˌhoːf,Hauptbahnhöfe,Ableitung.haupt-,
der,Anschluss,ˈanʃlʊs,Anschlüsse,Ableitung.Konversion,
die,Möglichkeit,ˈmøːklɪçkaɪ̯t,Möglichkeiten,Ableitung.-keit,
die,Anschlussmöglichkeit,IPAhere,Anschlussmöglichkeiten,Komposita.kein,
die,Weiterfahrt,ˈvaɪ̯tɐˌfaːɐ̯t,Weiterfahrten,Ableitung.-t:Komposita.kein,
die,Abfahrtszeit,ˈapfaːɐ̯t͡sˌt͡saɪ̯t,Abfahrtszeiten,Komposita.-s-,
der,Motorschaden,ˈmoːtoːɐ̯ˌʃaːdn̩,Moterschäden,Komposita.kein,
der,Schaden,ˈʃaːdn̩,Schäden,de,
die,Straßenbahnlinie,ˈʃtʁaːsn̩baːnˌliːni̯ə,Straßenbahnlinien,Komposita.kein,
die,Linie,ˈliːni̯ə,Linien,Lehnwort.la,
die,Richtung,ˈʁɪçtʊŋ,Richtungen,Ableitung.-ung,
die,Holzkirche,ˈhɔlt͡sˌkɪʁçə,Holzkirchen,Komposita.kein:Toponym,
das,Holz,hɔlt͡s,Hölzer,de,
die,Kirche,ˈkɪʁçə,Kirchen,de,
die,Fahrbahn,ˈfaːɐ̯ˌbaːn,Fahrbahnen,Komposita.kein,
der,ICE,iːtseːˈʔeː,ICE/ICEs,Abküzung,
der,Intercity-Express,ɪntɐˌsɪtiʔɛksˈpʁɛs,Intercity-Expresse,Komposita.-,
der,Express,ɛksˈpʁɛs,Expresse,Abkürzung,
der,Expresszug,ɛksˈpʁɛsˌt͡suːk,Expresszüge,*,
die,Jahreszeit,ˈjaːʁəsˌt͡saɪ̯t,Jahreszeiten,Komposita.-es-,
der,Winter,ˈvɪntɐ,Winter,de,Zeit.Jahreszeiten
der,Frühling,ˈfʁyːlɪŋ,Frühlinge,Ableitung.-ling,Zeit.Jahreszeiten
der,Sommer,kˈzɔmɐ,Sommer,de,Zeit.Jahreszeiten
der,Herbst,hɛʁpst,Herbste,de,Zeit.Jahreszeiten
der,Januar,ˈjanuaːɐ̯,Januare,Lehnwort.la,Zeit.Monate
der,Februar,ˈfeːbʁuaːɐ̯,Februare,Lehnwort.la,Zeit.Monate
der,März,mɛʁt͡s,Märze,Lehnwort.la,Zeit.Monate
der,April,aˈpʁɪl,Aprile,Lehnwort.la,Zeit.Monate
der,Mai,maɪ̯,Maie,Lehnwort.la,Zeit.Monate
der,Juni,ˈjuːni,Junis,Lehnwort.la,Zeit.Monate
der,Juli,ˈjuːli,Julis,Lehnwort.la,Zeit.Monate
der,August,aʊ̯ˈɡʊst,Auguste,Lehnwort.la,Zeit.Monate
der,September,zɛpˈtɛmbɐ,September,Lehnwort.la,Zeit.Monate
der,Oktober,ɔkˈtoːbɐ,Oktober,Lehnwort.la,Zeit.Monate
der,November,noˈvɛmbɐ,November,Lehnwort.la,Zeit.Monate
der,Dezember,deˈt͡sɛmbɐ,Dezember,Lehnwort.la,Zeit.Monate
das,Wetter,ˈvɛtɐ,Wetter,de,
die,Kälte,ˈkɛltə,-,Ableitung.Konversion,Wetter
die,Wärme,ˈvɛʁmə,-,Ableitung.Konversion,Wetter
die,Hitze,ˈhɪt͡sə,Hitzen,de,Wetter
die,Sonne,ˈzɔnə,Sonnen,de,Wetter
der,Wind,vɪnt,Winde,de,Wetter
der,Nebel,ˈneːbl̩,Nebel,de,Wetter
der,Schnee,ʃneː,-,de,Wetter
der,Ski,ʃiː,Ski/Skier,Lehnwort.no,
das,Skifahren,ˈʃiːˌfaːʁən,-,Kompsita.kein,
die,Wellness,ˈvɛlnɛs,-,Lehnwort.en,
die,Wellnesshotel,IPAhere,Wellnesshotels,Komposita.kein,
die,Freizeit,ˈfʁaɪ̯ˌt͡saɪ̯t,Freizeiten,Komposita.kein,
das,Freizeitangebot,ˈfʀaɪ̯ʦaɪ̯tˌangəboːt,Freizeitangebote,Komposita.kein,
das,Schwimmbad,ˈʃvɪmbaːt,Schwimmbäder,Komposita.kein,
das,Bad,baːt,Bäder,Ableitung.Konversion,
die,Massage,maˈsaːʒə,Massagen,Lehnwort.fr,
*,Achenkirch,*,*,Toponym,
die,Insel,ˈɪnzl̩,Inseln,Lehnwort.la,
das,Meer,meːɐ̯,Meere,de,
die,Richtungsabgabe,*,Richtungsangaben,Komposita.-s-,
-,-,kaˈnaːʁən,Kanaren,Toponym,
das,Zypern,ˈt͡syːpɐn,-,Toponym,
das,Kroatien,kʁoˈaːt͡si̯ən,-,Toponym,Land
das,Brasilien,bʁaˈziːli̯ən,-,Toponym,Land
der,Sonnnenschein,ˈzɔnənˌʃaɪ̯n,-,Komposita.-n-,Wetter
der,Schein,ʃaɪ̯n,Scheine,de,
das,Mal,maːl,Male,de,
der,Blick,blɪk,Blicke,de,
der,Bergblick,*,Bergblicke,Komposita.kein,
die,Pizza,ˈpɪt͡sa,Pizzas/Pizzen,Lehnwort.it,
das,Besonderes,bəˈzɔndəʁəs,-,Deklination,
das,Zetmatt,t͡sɛʁˈmat,-,Toponym,
der,Schnellzug,ˈʃnɛlˌt͡suːk,Schnellzüge,Komposita.kein,
die,Welt,vɛlt,Welten,de.la,
die,Schönheit,ˈʃøːnhaɪ̯t,Schönheiten,Ableitung.-heit,
-,-,ˈalpn̩,Alpen,Toponym,
die,Brücke,ˈbʁʏkə,Brücken,de,
die,Höhe,ˈhøːə,Höhen,de,
das,Elektrofahrzeug,eˈlɛktʁoˌfaːɐ̯t͡sɔɪ̯k,Elektrofahrzeuge,Ableitung.elektro-,Verkehrsmittel
das,Pferd,p͡feːɐ̯t,Pferde,de.la,Zoologie
das,Pferdetaxi,*,*,Komposita.-e-,Verkehrsmittel
die,Karriere,kaˈʁi̯eːʁə,Karrieren,Lehnwort.fr,
das,Autofahren,ˈaʊ̯toˌfaːʁən,-,Komposita.kein,
das,Zugfahren,ˈt͡suːkˌfaːʁən,-,Komposita.kein,
die,Masterarbeit,ˈmaːstɐˌʔaʁbaɪ̯t,Masterarbeiten,Komposita.kein,
der,Reisepass,ˈʁaɪ̯zəˌpas,Reisepässe,Komposita.kein,
der,Führerschein,ˈfyːʁɐˌʃaɪ̯n,Führerscheine,Komposita.kein,
das,Kopfkissen,ˈkɔp͡fˌkɪsn̩,Kopfkissen,Komposita.kein,
der,Kopf,kɔp͡f,Köpfe,Lehnwort.la,Anatomie
das,Kissen,ˈkɪsn̩,Kissen,de.fr,Gegenstand
die,Sonnenbrille,ˈzɔnənˌbʁɪlə,Sonnenbrillen,Komposita.-n-,Gegenstand
die,Sonnencreme,ˈzɔnənˌkʁɛːm,Sonnencremes,Komposita.-n-,Gegenstand
die,Creme,kʁeːm,Cremes/Cremen,Lehnwort.fr,
das,Ohropax,*,Ohropax,Ableitung,
das,Ohr,oːɐ̯,Ohren,de,Anatomie
der,Terminkalender,tɛʁˈmiːnkaˌlɛndɐ,Terminkalender,Komposita.kein,
der,Termin,tɛʁˈmiːn,Termine,Lehnwort.la,
das,Smartphone,ˈsmaʁtfoːn,Smartphones,Lehnwort.en,
das,Tablet,ˈtɛblət,Tablets,*,
der,Fotoapparat,ˈfoːtoʔapaˌʁaːt,Fotoapparate,Komposita.kein,
der,Apparat,apaˈʁaːt,Apparate,Lehnwort.la,
der,Koffer,ˈkɔfɐ,Koffer,Lehnwort.fr,
der,Rucksack,ˈʁʊkˌzak,Rucksäcke,Komposita.kein,
der,Sack,zak,Säcke,de,
der,Ruck,ʁʊk,Rucke,de,
der/[das],Bikini,biˈkiːni,Bikinis,Lehnwort.fr,Kleidung
die,Badehose,ˈbaːdəˌhoːzə,Badehosen,Komposita.-e-,Kleidung
die,Hose,ˈhoːzə,Hosen,de,Kleidung
die,Sportschuh,ˈʃpɔʁtˌʃuː,Sportschuhe,Komposita.kein,Kleidung
die,Kleidung,ˈklaɪ̯dʊŋ,Kleidungen,Ableitung.-ung,
die,Sportkleidung,ˈʃpɔrtklaɪ̯dʊŋ,Sportkleidungen,Komposita.kein,
die,Regenjacke,ˈʁeːɡn̩ˌjakə,Regenjacken,Komposita.kein,Kleidung
die,Jacke,ˈjakə,Jacken,Lehnwort.fr,Kleidung
die,Mütze,ˈmʏt͡sə,Mützen,Lehnwort.la,Kleidung
der,Schal,ʃaːl,Schals/Schale,Lehnwort.fr:Lehnwort.en,Kleidung
der,Kriminalroman,kʁimiˈnaːlʁoˌmaːn,Kriminalromane,Ableitung.kriminal-,
der,Anzug,ˈanˌt͡suːk,Anzüge,Ableitung.Konversion,Kleidung
die,Jean,d͡ʒiːn,Jeans,*,Kleidung
das,T-Shirt,ˈtiːˌʃœːɐ̯t,T-Shirts,Lehnwort.en,Kleidung
das,Hemd,hɛmt,Hemdem,de,Kleidung
die,Bluse,ˈbluːzə,Blusen,Lehnwort.fr,Kleidung
der,Rock,ʁɔk,Röcke,de,Kleidung
das,Kleid,klaɪ̯t,Kleider,de,Kleidung
der,Pullover,pʊˈloːvɐ,Pullover,Lehnwort.en,Kleidung
das,Jackett,ʒaˈkɛt,Jacketts/Jackette,Lehnwort.fr,Kleidung
der,Mantel,ˈmantl̩,Mäntel,Lehnwort.la,Kleidung
der,Hut,huːt,Hüte,de,Kleidung
der,Socken,ˈzɔkn̩,Socken,de,Kleidung
die,Unterwäsche,ˈʊntɐˌvɛʃə,Unterwäschen,Komposita.kein,Kleidung
die,Wäsche,ˈvɛʃə,Wäschen,de,
das,Kleidungsstück,ˈklaɪ̯dʊŋsˌʃtʏk,Kleidungsstücke,Komposita.-s-,
der,Fan,fæn,Fans,Lehnwort.en,
der,Experte,ɛksˈpɛʁtə,Experten,Lehnwort.fr.la,
der,Modeexperte,*,Modeexperten,Komposita.kein,
die,Meinung,ˈmaɪ̯nʊŋ,Meinungen,Ableitung.-ung,
der,Star,staːɐ̯,Stars,Lehnwort.en,Person
der,Hauptdarsteller,ˈhaʊ̯ptdaːɐ̯ˌʃtɛlɐ,Hauptdarsteller,Ableitung.haupt-,Person.männlich
der,Darsteller,ˈdaːɐ̯ʃtɛlɐ,Darsteller,Ableitung.Konversion,Person.männlich
der,Teenie,ˈtiːni,Teenies,Lehnwort.en,Person
die,Filmpartnerin,*,Filmpartnerinnen,Komposita.kein,Person.weiblich
der,Partnerin,ˈpaʁtnəʁɪn,Partnerin,Ableitung.-in,Person.weiblich
der,Komponist,ˌkɔmpoˈnɪst,Komponisten,Ableitung.-ist,Person.männlich
der,Filmkomponist,ˈfɪlmkɔmpoˌnɪst,Filmkomponisten,Komposita.kein,Person.männlich
die,Premiere,pʁəˈmi̯eːʁə,Premieren,Lehnwort.fr,
die,Fantasie,fantaˈziː,Fantasien,Lehnwort.la.grc,
die,Kombination,kɔmbinaˈt͡si̯oːn,Kombinationen,Lehnwort.la,
der,Einkaufsplan,*,Einkaufspläne,Komposita.-s-,
der,Einkauf,ˈaɪ̯nˌkaʊ̯f,Einkäufe,Ableitung.Konversion,
das,Elfmeterschießen,ɛlfˈmeːtɐˌʃiːsn̩,Elfmeterschießen,Komposita.kein,
das,Schießen,ˈʃiːsn̩,Schießen,*,
der,Elfmeter,ɛlfˈmeːtɐ,Elfmeter,Komposita.kein,
[der]/das,Meter,ˈmeːtɐ,Meter,Lehnwort.fr.grc,Maßeinheit.Länge
[der]das,Kompromiss,kɔmpʁoˈmɪs,Kompromisse,Lehnwort.la,
das,Schwarz,ʃvaʁt͡s,-,Ableitung.Konversion,Farbe
die,Größe,ˈɡʁøːsə,Größen,*:Kurzform,
die,Konfektionsgröße,kɔnfɛkˈt͡si̯oːnsˌɡʁøːsə,Konfektionsgrößen,Komposita.-s-,
die,Konfektion,kɔnfɛkˈt͡si̯oːn,Konfektionen,*,Kleidung
das,Designerkleid,diˈzaɪ̯nɐˌklaɪ̯t,Designerkleider,Komposita.kein,Kleidung
die,Qualität,ˌkvaliˈtɛːt,Qualitäten,Lehnwort.la,
die,Wahl,vaːl,Wahlen,de,
die,Farbe,ˈfaʁbə,Farben,de,
das,Gramm,ɡʁam,Gramme,Lehnwort.fr,
die,Tüte,ˈtyːtə,Tüten,de,
der/[das],Bonbon,bɔ̃ˈbɔ̃ː,Bonbons,Lehnwort.fr,Essen.Süßigkeiten
der,Strauß,ʃtʁaʊ̯s,Sträuße,de,
die,Blume,ˈbluːmə,Blumen,de,
der,Sportartikel,ˈʃpɔʁtʔaːʁˌtɪkl̩,Sportartikel,Komposita.kein,
die,Reise,ˈʁaɪ̯zə,Reisen,de,
das,Geschirr,ɡəˈʃɪʁ,Geschirre,de,Gastronomie:Werkzeug.Küche
das,Spielzeug,ˈʃpiːlˌt͡sɔɪ̯k,Spielzeuge,Komposita.kein,
die,Elektronik,elɛkˈtʁoːnɪk,-,Ableitung.-ik,
die,Eintrittskarte,ˈaɪ̯ntʁɪt͡sˌkaʁtə,Eintrittskarten,Komposita.-s-,
der,Eintritt,ˈaɪ̯nˌtʁɪt,Eintritte,Ableitung.implizite,
das,Bundesamt,ˈbʊndəsˌʔamt,Bundesämter,Komposita.-es-,
das,Gebrauchsgut,*,Gebrauchsgüter,Komposita.-s-,
der,Gebrauch,ɡəˈbʁaʊ̯x,Gebräuche,*,
das,Gut,ɡuːt,Güter,Ableitung.Konversion,
[der]/das,Bereich,bəˈʁaɪ̯ç,Bereiche,Ableitung.Konversion,
der,Skianzug,ˈʃiːʔanˌt͡suːk,Skianzüge,Komposita.kein,Kleidung
der,Stiefel,ˈʃtiːfl̩,Stiefel,de,Kleidung
das,Blau,blaʊ̯,Blau/Blaus,Ableitung.Konversion,Farbe
das,Rot,ʁoːt,Rot/Rots,Ableitung.Konversion,Farbe
das,Weiß,vaɪ̯s,-,Ableitung.Konversion,Farbe
das,Grau,ɡʁaʊ̯,Graus,Ableitung.Konversion,Farbe
das,Rosa,ˈʁoːza,Rosas,Ableitung.Konversion,Farbe
der,E-Reader,*,E-Reader,Lehnwort.en,
der,Friede,ˈfʁiːdn̩,Frieden,de,
das,Gepäck,ɡəˈpɛk,Gepäcke,de,
die,Sache,ˈzaxəj,Sachen,de,
das,Paar,paːɐ̯,Paare,Lehnwort.la,
das,Dokument,ˌdokuˈmɛnt,Dokumente,Lehnwort.la,
das,Telefongespräch,teləˈfoːnɡəˌʃpʁɛːç,Telefongespräche,Komposita.kein,
der,Mitarbeiter,ˈmɪtʔaʁˌbaɪ̯tɐ,Mitarbeiter,Ableitung.-er,Person.männlich
die,Kundin,ˈkʊndɪn,Kundinnen,Ableitung.-in,Person.weiblich
die,Kunde,ˈkʊndə,Kunden,de,Person.männlich
die,Technik,ˈtɛçnɪk,Techniken,Lehnwort.la,
der,Besprechungsraum,bəˈʃpʁɛçʊŋsˌʁaʊ̯m,Besprechungsräume,Komposita.-s-,
das,Protokoll,pʁotoˈkɔl,Protokolle,Lehnwort.la,
das,Referat,ʁefəˈʁaːt,Referate,Ableitung.-at:Lehnwort.la,
der,Hauptmann,ˈhaʊ̯ptˌman,Hauptmänner/Hauptleute,Ableitung.haupt-,Person.männlich
die,Genugtuung,ɡəˈnuːkˌtuːʊŋ,Genugtuungen,Ableitung.-ung,
die,Beanstandung,bəˈʔanʃtandʊŋ,Beanstandungen,Ableitung.-ung,
die,Internetverbindung,ˈɪntɐnɛtfɛɐ̯ˌbɪndʊŋ,Internetverbindungen,Komposita.kein,
die,Verbindung,fɛɐ̯ˈbɪndʊŋ,Verbindungen,Ableitung.-ung,
das,Kopierpapier,koˈpiːɐ̯paˌpiːɐ̯,Kopierpaiere,Komposita.kein,
das,Papier,paˈpiːɐ̯,Papiere,Lehnwort.la,
der,Geschäftspartner,ɡəˈʃɛft͡sˌpaʁtnɐ,Geschäftspartner,Komposita.-s-,
das,Experiment,ɛkspeʁiˈmɛnt,Experimente,Lehnwort.la,
das,Problem,pʁoˈbleːm,Probleme,Lehnwort.la,
[der]/das,Kundenservice,ˈkʊndn̩ˌsœːɐ̯vɪs,Kundenservices,Komposita.kein,
[der]/das,Service,ˈsœːɐ̯vɪs,Services,Lehnwort.en.la,
der,Kopierer,ˌkoˈpiːʁɐ,Kopierer,Ableitung.-er,
die,Reparatur,ʁepaʁaˈtuːɐ̯,Reparaturen,Lehnwort.la:Ableitung.-ung,
der,Monteur,mɔnˈtøːɐ̯,Monteure,Lehnwort.fr,Person.männlich
die,Waschmaschine,ˈvaʃmaˌʃiːnə,Waschmaschinen,Komposita.kein,Gegenstand.Haushaltsgerät
der,Geschirrspüler,ɡəˈʃɪʁˌʃpyːlɐ,Geschirrspüler,Komposita.kein,
der,Spüler,ˈʃpyːlɐ,Spüler,spülen,Person.männlich:umgangssprachlich
die,Spülerin,ˈʃpyːləʁɪn,Spülerinen,Ableitung.-in,Person.weiblich
der,Kühlschrank,ˈkyːlˌʃʁaŋk,Kühlshränke,Komposita.kein,
der,Schrank,ʃʁaŋk,Schränke,Ableitung.Konversion,Jägersprache:bildlich:umgangssprachlich
der,Internetanschluss,ˈɪntɐnɛtˌʔanʃlʊs,Internetanschlüsse,Komposita.kein,
der,Geburtstag,ɡəˈbuːɐ̯t͡sˌtaːk,Geburtstage,Komposita.-s-,
der,Beamer,ˈbiːmɐ,Beamer,*,
die,Regel,ˈʁeːɡl̩,Regeln,de,
die,Panne,ˈpanə,Pannen,Lehnwort.fr,
die,Atmosphäre,atmoˈsfɛːʁə,Atmosphären,Lehnwort.grc,
die,Arbeitsatmosphäre,ˈaʁbaɪ̯ʦʔatmoˌsfɛːʀə,Arbeitsatmosphären,Komposita.-s-,
der/[das],Gehalt,ɡəˈhalt,Gehälter,de,
die,Work-Life-Balance,vœːɐ̯klaɪ̯fˈbɛləns,-,Lehnwort.en,
die,Karrieremöglichkeit,*,Karrieremöglichkeiten,Komposita.kein,
die,Kommunikation,kɔmunikaˈt͡si̯oːn,Kommunikationen,Lehnwort.la,
die,Funktion,fʊŋkˈt͡si̯oːn,Funktionen,Lehnwort.la,
die,Visitenkarte,viˈziːtn̩ˌkaʁtə,Visitenkarten,Komposita.-s-,
die,Verhandlung,fɛɐ̯ˈhandlʊŋ,Verhandlungen,Ableitung.-ung,
das,Geschäftsessen,ɡəˈʃɛft͡sˌʔɛsn̩,Geschäftsessen,Komposita.-s-,
das,Marketing,ˈmaʁkətɪŋ,-,Lehnwort.en,
der,Marketingmanager,*,Marketingmanager,Komposita.kein,
der,Geschäftsbericht,*,Geschäftsberichte,Komposita.-s-,
der,Qualitätsmanagement,*,Qualitätsmanagements,Komposita.-s-,
der,Management,ˈmɛnɪt͡ʃmənt,Managements,Lehnwort.en,
die,Filiale,fiˈli̯aːlə,Filialen,de,
die,Firmenfiliale,*,*,Komposita.kein,
die,Verkaufszahl,fɛɐ̯ˈkaʊ̯fsˌt͡saːl,Verkaufszahlen,Komposita.-s-,
der,Verkauf,fɛɐ̯ˈkaʊ̯f,Verkäufe,Ableitung.Konversion,
die,Wasserleitung,ˈvasɐlaɪ̯tʊŋ,Wasserleitungen,Komposita.kein,
die,Leitung,ˈlaɪ̯tʊŋ,Leitungen,Ableitung.-ung,
die,Marketingabteilung,*,Marketingabteilungen,Komposita.kein,
die,Abteilung,apˈtaɪ̯lʊŋ,Abteilungen,de,
die,Kampagne,kamˈpanjə,Kampagnen,Lehnwort.fr,
die,Marketingkampagne,*,Marketingkampagnen,Komposita.kein,
das,Netzwerk,ˈnɛt͡sˌvɛʁk,Netzwerke,Komposita.kein,
das,Netz,nɛt͡s,Netze,de,
das,Werk,vɛʁk,Werke,de,
das,Ding,dɪŋ,Dinge/Dinger,*,
der,Handball,ˈhantˌbal,Handbälle,Komposita.kein,
das,Instrument,ˌɪnstʁuˈmɛnt,Instrumente,Lehnwort.la,
das,Abendessen,ˈaːbn̩tˌʔɛsn̩,Abendessen,Komposita.kein,
die,Jazzmusik,ˈd͡ʒɛːsmuˌziːk,-,Komposita.kein,
das,Jazzfestival,ˈd͡ʒɛːsˌfɛstivl̩,Jazzfestivals,Komposita.kein,
das,Festival,ˈfɛstivl̩,Festivals,Lehnwort.en.fr.la,
das,Jazzkonzert,ˈd͡ʒɛːskɔnˌt͡sɛʁt,Jazzkonzerte,Komposita.kein,
der,Rhein,ʁaɪ̯n,-,Toponym,
die,Burg,bʊʁk,Burgen/Bürge,de,
das,Schauspielhaus,*,Schauspielh[ä]user,Komposita.kein,
das,Raimundtheater,*,-,Eigenname,
das,Theaterstück,teˈaːtɐˌʃtʏk,Theaterstücke,Komposita.kein,
die,Aufgabe,ˈaʊ̯fˌɡaːbə,Aufgaben,*,
die,Hausaufgabe,ˈhaʊ̯sʔaʊ̯fˌɡaːbə,Hausaufgaben,Komposita.kein,
der,Test,tɛst,Tests/Teste,Lehnwort.en.fr.la,
der,Konzern,kɔnˈt͡sɛʁn,Konzerne,Lehnwort.en.fr.la,
die,Vorbereitung,ˈfoːɐ̯bəˌʁaɪ̯tʊŋ,Vorbereitungen,Ableitung.-ung,
das,Tegernsee,ˈteːɡɐnˌzeː,-,Toponym,
das,Ausland,ˈaʊ̯slant,-,*,Land
das,Amsterdam,ˌamstɐˈdam,-,Toponym,Stadt:Land.Ausland
das,Architekturbüro,aʁçitɛkˈtuːɐ̯byˌʁoː,Architekturbüros,Komposita.kein,
der,Hausmann,ˈhaʊ̯sman,Hausmänner,Komposita.kein,
die,Baufirma,ˈbaʊ̯ˌfɪʁma,Baufirmen,Komposita.kein,
der,Bau,baʊ̯,Bauten/Baue,Ableitung.Konversion,
der,Arm,aʁm,Arme,de,Anatomie
das,Spiel,ʃpiːl,Spiele,de,
der,Körper,ˈkœʁpɐ,Körper,Lehnwort.la,Anatomie
das,Auge,ˈaʊ̯ɡə,Augen,de,Anatomie
die,Nase,ˈnaːzə,Nasen,de,Anatomie
der,Zahn,t͡saːn,Zähne,de,Anatomie
der,Mund,mʊnt,Münder,de,Anatomie
der,Hals,hals,Hälse,de,Anatomie
der,Bauch,baʊ̯x,Bäuche,de,Anatomie
die,Zehe,ˈt͡seːə,Zehen,de,Anatomie
das,Haar,haːɐ̯,Haare,de,Anatomie
der,Finger,ˈfɪŋɐ,Finger,de,Anatomie
der,Rücken,ˈʁʏkn̩,Rücken,de,Anatomie
das,Bein,baɪ̯n,Beine,de,Anatomie
das,Knie,kniː,Knie,de,Anatomie
das,Weh,veː,Wehe,de,
der,Spieler,ˈʃpiːlɐ,Spieler,Ableitung.-er,Person.männlich
der,Fußballspieler,ˈfuːsbalˌʃpiːlɐ,Fußballspieler,Komposita.kein,Person.männlich
der,Schmerz,ʃmɛʁt͡s,Schmerzen,de,Krankheit
der,Kopfschmerz,ˈkɔp͡fˌʃmɛʁt͡s,Kopfschmerzen,Komposita.kein,Krankheit
der,Halsschmerz,ˈhalsˌʃmɛʁt͡s,Halsschmerzen,Komposita.kein,Krankheit
der,Ohrenschmerz,*,Ohrenschmerzen,Komposita.-en-,Krankheit
der,Zahnschmerz,ˈt͡saːnˌʃmɛʁt͡s,Zahnschmerzen,Komposita.kein,Krankheit
der,Bauchschmerz,ˈbaʊ̯xˌʃmɛʁt͡s,Bauchschmerzen,Komposita.kein,Krankheit
der,Husten,ˈhuːstn̩,Husten,de,Krankheit
der,Schnupfen,ˈʃnʊp͡fn̩,Schnupfen,de,Krankheit
das,Fieber,ˈfiːbɐ,Fieber,Lehnwort.la,Krankheit
die,Erkältung,ɛɐ̯ˈkɛltʊŋ,Erkältungen,Ableitung.-ung,Krankheit
die,Grippe,ˈɡʁɪpə,Grippen,Lehnwort.fr,Krankheit
das,Gesetz,ɡəˈzɛt͡s,Gesetze,de,
die,Krankenversicherung,ˈkʁaŋkn̩fɛɐ̯ˌzɪçəʁʊŋ,Krankenversicherungen,Komposita.-en-,
der,Kranke,ˈkʁaŋkɐ,Kranken,Deklination,Person.männlich
die,Versicherung,fɛɐ̯ˈzɪçəʁʊŋ,Versicherungen,Ableitung.-ung,
die,Versichertenkarte,*,Versichertenkarten,Komposita.*,
die,Ortskrankenkasse,ˈɔʁʦkʀaŋkn̩kasə,Ortskrankenkassen,Komposita.-s-,
die,Krankenkase,ˈkʁaŋkn̩ˌkasə,Krankenkassen,Komposita.-en-,
die,Kasse,ˈkasə,Kassen,Lehnwort.it,
der,Zahnarzt,ˈt͡saːnˌʔaːɐ̯t͡st,Zahnärzte,Komposita.kein,
das,Gehen,ˈɡeːən,-,Ableitung.Konversion,
der,Azrttermin,*,Arzttermine,Komposita.kein,
der,Grad,ɡʁaːt,Grade,Lehnwort.la,
das,Rezept,ʁeˈt͡sɛpt,Rezepte,Lehnwort.la,
der,Honig,ˈhoːnɪç,Honige,de,Nahrungsmittel
die,Besserung,ˈbɛsəʁʊŋ,Besserungen,Ableitung.-ung,
der,Alkohol,ˈalkohoːl,Alkohole,de,Getränk.Alkoholgetränk
die,Gesundheit,ɡəˈzʊnthaɪ̯t,Gesundheit,Ableitung.-heit,
die,Tablette,taˈblɛtə,Tabletten,Lehnwort.fr,
die,Schmerztablette,ˈʃmɛʁt͡staˌblɛtə,Schmerztabletten,Komposita.kein,
das,Gesundheitsproblem,*,Gesundheitsprobleme,Komposita.-s-,
das,Radfahren,ˈʁaːtˌfaːʁən,-,Komposita.kein,
der,Garten,ˈɡaʁtn̩,Gärten,de,
die,Freizeitaktivität,*,Freizeitaktivitäten,Komposita.kein,
die,Aktivität,aktiviˈtɛːt,Aktivitäten,Lehnwort.fr.la:Ableitung.-ität,
der,Spaziergang,ʃpaˈt͡siːɐ̯ˌɡaŋ,Spaziergänge,Komposita.kein,
der,Kinobesuch,ˈkiːnobəˌzuːx,Kinobesuche,Komposita.kein,
[die]/der,Couch,kaʊ̯t͡ʃ,Couchs/Couches/Couchen,Lehnwort.en.fr.la,
das,Video,ˈviːdeo,Videos,Lehnwort.en.la,
das,Onlinespiel,ˈɔnlaɪ̯nˌʃpiːl,Onlinespiele,Komposita.kein,
die,Art,aːɐ̯t,Arten,de,
die,Sportart,ˈʃpɔʁtˌʔaːɐ̯t,Sportarten,Komposita.kein,
[das]/der,Work(-)out,ˈvœːɐ̯kˌʔaʊ̯t,Work(-)outs,Lehnwort.en,
das,Schwimmen,ˈʃvɪmən,-,Ableitung.Konversion,
der,Sportler,ˈʃpɔʁtlɐ,Sportler,Ableitung.-ler,Person.männlich
der,Freizeitsportler,*,Freiseitsportler,Komposita.kein,Person.männlich
der,Nichtsportler,*,Nichtsportler,Komposita.kein,Person.männlich
der/[das],Yoga,ˈjoːɡa,-,Lehnwort.sa,
die,Alternativ,ˌaltɛʁnaˈtiːvə,Alternativen,Ableitung.Konversion,
der,Gegensatz,ˈɡeːɡənˌzat͡s,Gegensätze,Ableitung.gegen-,
das,Tennisspiel,ˈtɛnɪsˌʃpiːl,Tennisspiele,Komposita.kein,
die,Umgebung,ʊmˈɡeːbʊŋ,Umgebungen,Ableitung.-ung,
die,Tour,tuːɐ̯,Touren,Lehnwort.fr,
die,Fahrradtour,*,Fahrradtouren,Komposita.kein,
die,Beratung,bəˈʁaːtʊŋ,Beratungen,Ableitung.-ung,
der,Rabatt,ʁaˈbat,Rabatte,Lehnwort.it:Lehnwort.fr,
der,Gruppenkurs,*,Gruppenkurse,Komposita.kein,
die,Physiotherapie,fyzi̯oteʁaˈpiː,Physiotherapien,*,
das,Fitnessgerät,ˈfɪtnɛsɡəˌʁɛːt,Fitnessgeräte,Komposita.kein,
das,Medium,ˈmeːdi̯ʊm,Medien/Media,Lehnwort.la,
das,Lernmaterial,ˈlɛʁnmateˌʀi̯aːl,Lernmaterialien,Komposita.kein,
das,Material,mateˈʁi̯aːl,Materialien,Lehnwort.la,
die,Auswahl,ˈaʊ̯svaːl,Auswahlen,Ableitung.implizite,
der,Rentner,ˈʁɛntnɐ,Rentner,Ableitung.-ner,Person.männlich
die,Rente,ˈʁɛntə,Renten,Lehnwort.la,
der,Anfängerkurs,ˈanfɛŋɐˌkʊʁs,Anfängerkurse,Komposita.kein,
das,Mailand,ˈmaɪ̯lant,-,Toponym,Stadt:Land.Italien
die,Vorstellung,ˈfoːɐ̯ˌʃtɛlʊŋ,Vorstellungen,Ableitung.-ung,
die,Tanzvorstellung,*,Tanzvorstellungen,Komposita.kein,
das,Tanztheater,*,Tanztheater,Komposita.kein,
der,Privathaushalt,pʁiˈvaːtˌhaʊ̯shalt,Privathaushalte,Komposita.kein,
das,Einfamilienhaus,ˈaɪ̯nfamiːli̯ənˌhaʊ̯s,Einfamilienhäuser,Komposita.-n-,
der,Anteil,ˈanˌtaɪ̯l,Anteile,de,
die,Eigentumswohnung,ˈaɪ̯ɡn̩tuːmsˌvoːnʊŋ,Eigentumswohnungen,Komposita.kein,
das,Eigentum,ˈaɪ̯ɡn̩tuːm,Eigentume,de,
der,Eigentümer,ˈaɪ̯ɡn̩ˌtyːmɐ,Eigentümer,Ableitung.-er,
das,Wohneigentum,ˈvoːnʔaɪ̯gn̩tuːm,-,Komposita.kein,
die,Mietwohnung,ˈmiːtˌvoːnʊŋ,Mietwohnungen,Komposita.kein,
[der]/das,Quadratmeter,kvaˈdʁaːtˌmeːtɐ,Quadratmeter,Komposita.kein,Mathematik
die,Wohngemeinschaft,ˈvoːnɡəˌmaɪ̯nʃaft,Wohngemeinschaften,Komposita.kein,
die,Gemeinschaft,ɡəˈmaɪ̯nʃaft,Gemeinschaften,*,
der,Auszubildende,ˈaʊ̯st͡suˌbɪldn̩dɐ,Auszubildenden,Ableitung.Konversion,Person.männlich:Deklination
der,Singe(-)Haushalt,ˈsɪŋl̩ˌhaʊ̯shalt,Single(-)Haushalte,Komposita.kein,
die,Küche,ˈkʏçə,Küchen,Ableitung.Konversion,
das,Bad,baːt,Bäder,Ableitung.Konversion,
die,Badbenutzung,*,Badbenutzungen,Komposita.kein,
die,Küchenbenutzung,*,Küchenbenutzungen,Komposita.kein,
das,Maximum,ˈmaksimʊm,Maxima,Lehnwort.la,
der,Bewohner,bəˈvoːnɐ,Bewohner,*,Person.männlich
der,Norden,ˈnɔʁdn̩,-,de,Geografie.Himmelsrichtung
der,Osten,ˈɔstn̩,-,de,Geografie.Himmelsrichtung
der,Westen,ˈvɛstn̩,-,de,Geografie.Himmelsrichtung
der,Süden,ˈzyːdn̩,-,de,Geografie.Himmelsrichtung
der,Millionär,mɪli̯oˈnɛːɐ̯,Millionäre,Ableitung.-är,
die,Einladung,ˈʃøːnstn̩,Einladungen,Ableitung.-ung,
der,Donnerstagabend,ˌdɔnɐstaːkˈʔaːbn̩t,Donnerstagabende,Komposita.kein,Zeit
das,Arbeitszimmer,ˈaʁbaɪ̯t͡sˌt͡sɪmɐ,Arbeitszimmer,Komposita.-s-,
das,Wohnzimmer,ˈvoːnˌt͡sɪmɐ,Wohnzimmer,Komposita.kein,
das,Schlafzimmer,ˈʃlaːfˌt͡sɪmɐ,Schlafzimmer,Komposita.kein,
der,Flur,fluːɐ̯,Flurede,*,
der,Glückwunsch,ˈɡlʏkˌvʊnʃ,Glückwünsche,Komposita.kein,
die,Garderobe,ɡaʁdəˈʁoːbə,Garderoben,Lehnwort.fr,Möbel
der,Schuhschrank,ˈʃuːˌʃʁaŋk,Schuhschränke,Komposita.kein,Möbel
der,Esstisch,ˈɛsˌtɪʃ,Esstische,Komposita.kein,Möbel
der,Fernseher,ˈfɛʁnˌzeːɐ,Fernseher,Ableitung.Konversion,Möbel
das,Regal,ʁeˈɡaːl,Regale/Regalien,unklar,Möbel
das,Küchenmöbel,*,Küchenmöbel,Komposita.-n-,
der,Kleiderschrank,ˈklaɪ̯dɐˌʃʁaŋk,Kleiderschränke,Komposita.-er-,Möbel
das,Fenster,ˈfɛnstɐ,Fenster,*,
der,Sessel,ˈzɛsl̩,Sessel,de,Möbel
die,Badewanne,ˈbaːdəˌvanə,Badewannen,Komposita.-e-,Möbel
die,Wanne,ˈvanə,Wannen,Lehnwort.la,
das,Waschbecken,ˈvaʃˌbɛkn̩,Waschbecken,Komposita.kein,
die,Heizung,ˈhaɪ̯t͡sʊŋ,Heizungen,Ableitung.-ung,
der,Strom,ʃtʁoːm,Ströme,Kurzform,
der,Job,d͡ʒɔp,Jobs,Lehnwort.en,
der,Lieblingsort,ˈliːplɪŋsˌʔɔʁt,Lieblingsorte,Komposita.Lieblings-,
das,Lieblingszimmer,ˈliːplɪŋsˌt͡sɪmɐ,Lieblingszimmer,Komposita.Lieblings-,
der,Balkon,balˈkɔŋ,Balkons/Balkone,Lehnwort.fr.it,
die,Terrasse,tɛˈʁasə,Terrassen,Lehnwort.fr.la,
die,Garage,ɡaˈʁaːʒə,Garagen,Lehnwort.fr,
die,Betriebswirtschaft,bəˈtʁiːpsvɪʁtˌʃaft,-,Komposita.-s-:Kurzform,
die,Betriebswirtschaftslehre,bəˈtʁiːpsvɪʁtʃaft͡sleːʁə,-,Komposita.-s-,
der,Betrieb,bəˈtʁiːp,Betriebe,*,
die,Wirtschaft,ˈvɪʁtʃaft,Wirtschaften,Kurzform,
die,Wirtschaftswissenschaft,ˈvɪʁtʃaft͡sˌvɪsn̩ʃaft,Wirtschaftswissenschaften,Komposita.-s-,
die,Wissenschaft,ˈvɪsn̩ʃaft,Wissenschaften,de,
das,Wissen,ˈvɪsn̩,-,de,
die,Fakultät,fakʊlˈtɛːt,Fakultäten,Lehnwort.la,
die,Innenstadt,ˈɪnənˌʃtat,Innenstädte,Komposita.kein,
der,Augustusplatz,*,-,Toponym,
der,Nachteil,ˈnaːxˌtaɪ̯l,Nachteile,Komposita.kein,
der,Vorteil,ˈfɔʁˌtaɪ̯l,Vorteile,Komposita.kein,
der,Berater,bəˈʁaːtɐ,Berater,Ableitung.-er,Person.männlich
die,Beraterin,bəˈʁaːtəʁɪn,Beraterin,Ableitung.-in,Person.weiblich
der,Bankberater,*,Bankberater,komposita.kein,Person.männlich
die,Bankberaterin,*,Bankberaterin,Ableitung.-in,Person.weiblich
die,Pflanze,ˈp͡flant͡sə,Pflanzen,Lehnwort.la,Botanik
die,Einkaufsmöglichkeit,ˈaɪ̯nkaʊ̯fsˌmøːklɪçkaɪ̯t,Einkaufsmöglichkeiten,Komposita.-s-,
die,Taxifahrerin,ˈtaksiˌfaːʁəʁɪn,Taxifahrerinnen,Ableitung.-in,
der,Taxifahrer,ˈtaksiˌfaːʁɐ,Taxifahrer,Komposita.kein,
der,Stadtrand,ˈʃtatˌʁant,Stadtränder,Komposita.kein,
der,Rand,ʁant,Ränder,de,
die,Etage,eˈtaːʒə,Etagen,Lehnwort.fr.la,
der,Ausblick,ˈaʊ̯sblɪk,Ausblicke,Komposita.kein,
der,Fahrstuhl,ˈfaːɐ̯ˌʃtuːl,Fahrstühle,Komposita.kein,
die,Treppe,ˈtʁɛpə,Treppen,de,
der,Nachbar,ˈnaxˌbaːɐ̯,Nachbarn,*,Person.männlich
der,Lärm,lɛʁm,-,Lehnwort.it,
die,Gegend,ˈɡeːɡn̩t,Gegenden,de,
der,Discounter,dɪsˈkaʊ̯ntɐ,Discounter,Lehnwort.en,
die,Lage,ˈlaːɡə,Lagen,de,
der,Traum,tʁaʊ̯m,Träume,de,
die,Traumwohnung,*,Traumwohnungen,Komposita.kein,
das,Traumhaus,ˈtʁaʊ̯mˌhaʊ̯s,Traumh[ä]user,Komposita.kein,
die,Aussicht,ˈaʊ̯sˌz̥ɪçt,Aussichten,Ableitung.Konversion,
der,Baum,baʊ̯m,Bäume,de,Botanik
das,Waschmittel,ˈvaʃˌmɪtl̩,Waschmittel,Komposita.kein,
der,Spiegel,ˈʃpiːɡl̩,Spiegel,de,
der,Bücherschrank,ˈbyːçɐˌʃʁaŋk,Bücherschränke,Komposita.-er-,
der,Klempner,ˈklɛmpnɐ,Klempner,de,Person.männlich:Beruf
die,Dehnung,ˈdeːnʊŋ,Dehnungen,Ableitung.-ung,
der,Laut,laʊ̯t,Laute,de,
der,Dehnungslaut,*,Dehnungslaute,Komposita.-s-,
die,Anzeige,ˈanˌt͡saɪ̯ɡə,Anzeigen,Ableitung.Konversion,
der,Mitbewohner,ˈmɪtbəˌvoːnɐ,Mitbewohner,Komposita.kein,Person.männlich
der,Mitbewohnerin,ˈmɪtbəˌvoːnəʁɪn,Mitbewohnerinnen,Ableitung.-in,Person.weiblich
die,Beschreibung,bəˈʃʁaɪ̯bʊŋ,Beschreibungen,Ableitung.-ung,
die,Wegbeschreibung,ˈveːkbəˌʃʁaɪ̯bʊŋ,Wegbeschreibungen,Komposita.kein,
der,Marktplatz,ˈmaʁktˌplat͡s,Marktplätze,Komposita.kein,
die,Querstraße,ˈkveːɐ̯ˌʃtʁaːsə,Querstraßen,Komposita.kein,
das,Rathaus,ˈʁaːtˌhaʊ̯s,Rath[ä]user,Komposita.kein,
der,Pinguin,ˈpɪŋɡuiːn,Pinguine,Lehnwort.en,Zoologie
die,Milchbar,ˈmɪlçˌbaːɐ̯,Milchbars,Komposita.kein,
die,Kreuzung,ˈkʁɔɪ̯t͡sʊŋ,Kreuzungen,Ableitung.-ung,
der,Kreisverkehr,ˈkʁaɪ̯sfɛɐ̯ˌkeːɐ̯,Kreisverkehre,Komposita.kein,
der,Kreis,kʁaɪ̯s,Kreise,de,
die,Sehenswürdigkeit,ˈzeːənsˌvʏʁdɪçkaɪ̯t,Sehenswürdigkeiten,Ableitung.-keit,
das,Rauchverbot,ˈʁaʊ̯xfɛɐ̯ˌboːt,Rauchverbote,Komposita.kein,
das,Verbot,fɛɐ̯ˈboːt,Verbote,de,
der,Raucher,ˈʁaʊ̯xɐ,Raucher,Ableitung.-er,
die,Putze,ˈpʊt͡sə,Putzen,Ableitung.Konversion,
die,Nichtraucherin,ˈnɪçtˌʁaʊ̯xəʁɪn,Nichtraucherinnen,Ableitung.-in,Person.weiblich
das,Haustier,ˈhaʊ̯sˌtiːɐ̯,Haustiere,Komposita.kein,
das,Tier,tiːɐ̯,Tiere,*,
der,Staub,ʃtaʊ̯p,Stäube/Staube,*,
die,Toilette,toˈlɛtə,Toiletten,Lehnwort.fr,Möbel
der,Küchenschrank,ˈkʏçn̩ˌʃʁaŋk,Küchenschränke,Komposita.-n-,Möbel
das,Sofa,ˈzoːfa,Sofas,Lehnwort.fr.ar:Lehnwort.it.ar,Möbel
das,Bücherregal,ˈbyːçɐʁeˌɡaːl,Bücherregale,Komposita.-er-,Möbel
die,Vase,ˈvaːzə,Vasen,Lehnwort.fr.la,Möbel
der,Teppich,ˈtɛpɪç,Teppiche,de.la:de.grc,
der,Kugelschreiber,ˈkuːɡl̩ˌʃʁaɪ̯bɐ,Kugelschreiber,Komposita.kein,
der,Schreiber,ˈʃʁaɪ̯bɐ,Schreiber,Ableitung.-er,
die,Wand,vant,Wände,de,
die,Tastatur,tastaˈtuːɐ̯,Tastaturen,de,
die,Einweihungsparty,ˈaɪ̯nvaɪ̯ʊŋsˌpaːɐ̯ti,Einweihungspartys,Komposita.-s-,
die,Dusche,ˈduːʃə,Duschen,Lehnwort.fr.it.la,
das,Okinawa,okiˈnaːva,-,Toponym,Insel
das,Grönland,ˈɡʁøːnlant,-,Toponym,Insel
der,Baikalsee,ˈbaɪ̯kalˌzeː,-,Toponym,See
der,Süßwassersee,ˈzyːsvasɐˌzeː,Süßwasserseen,Komposita.kein,
der,See,zeː,Seen,de,
das,Süßwasser,ˈzyːsˌvasɐ,Süßwasser/Süßwässer,Komposita.kein,
das,Verbotsschild,fɛɐ̯ˈboːt͡sˌʃɪlt,Verbotsschilder,Komposita.-s-,
das,Klassenzimmer,ˈklasn̩ˌt͡sɪmɐ,Klassenzimmer,Komposita.-n-,
der,Englischlehrer,ˈɛŋlɪʃˌleːʁɐ,Englischlehrer,Komposita.kein,
der,Stiefel,ˈʃtiːfl̩,Stiefel,de,
das,Sehen,ˈzeːən,-,Ableitung.Konversion,
der,Fernsehturm,ˈfɛʁnzeːˌtʊʁm,Fernsehtürme,Komposita.kein,
der,Turm,tʊʁm,Türme,de,
der,Alexanderplatz,*,-,Toponym,
das,Bauwerk,ˈbaʊ̯ˌvɛʁk,Bauwerke,Komposita.kein,
das,Wahrzeichen,ˈvaːɐ̯ˌt͡saɪ̯çn̩,Wahrzeichen,Komposita.kein,
der,Auftrag,ˈaʊ̯fˌtʁaːk,Aufträge,Ableitung.Konversion,
der,Regierungschef,ʁeˈɡiːʁʊŋsˌʃɛf,Regierungschefs,Komposita.-s-,Person.männlich
die,Regierung,ʁeˈɡiːʁʊŋ,Regierungen,Ableitung.-ung,
die,DDR,ˌdeːdeːˈʔɛʁ,-,Abkürzung:Toponym,
die,Aussicht,ˈaʊ̯sˌz̥ɪçt,Aussichten,Ableitung.Konversion,
die,Plattform,ˈplatˌfɔʁm,Plattformen,Lehnwort.fr,
die,Aussichtsplattform,*,Aussichtsplattformen,Komposita.-s-,
die,Galerie,ɡaləˈʁiː,Galerien,Lehnwort.it:Lehnwort.fr,
die,Geschichte,ɡəˈʃɪçtə,Geschichten,de,
das,Teil,taɪ̯l,Teile,de,
die,Mauer,ˈmaʊ̯ɐ,Mauern,de,
das,Flussufer,ˈflʊsˌʔuːfɐ,Flussufer,Komposita.kein,
das,Ufer,ˈuːfɐ,Ufer,de,
die,Spree,ˈʃpʁeː,-,Toponym,
das,Kunstwerk,ˈkʊnstˌvɛʁk,Kunstwerke,Komposita.kein,
die,Kunst,kʊnst,Künste,de,
das,Gesicht,ɡəˈzɪçt,Gesichter/Gesichte,de,
das,Motiv,moˈtiːf,Motive,Lehnwort.la,
die,Postkarte,ˈpɔstˌkaʁtə,Postkarten,Komposita.kein,
das,Technikmuseum,ˈtɛçnɪkmuˌzeːʊm,Technikmuseen,Komposita.kein,
die,Produktion,pʁodʊkˈt͡si̯oːn,Produktionen,Lehnwort.fr.la:Ableitung.-ion,
die,Energie,enɛʁˈɡiː,Energien,Lehnwort.fr.la,
die,Energietechnik,*,Energietechniken,Komposita.kein,
die,Verkehrstechnik,*,Verkehrstechniken,Komposita.-s-,
die,Kommunikationstechnik,*,Kommunikationstechniken,Komposita.-s-,
die,Produktionstechnik,*,Produktionstechniken,Komposita.-s-,
die,Chemie,çeˈmiː,Chemien,Lehnwort.la.grc,
die,Chemieindustrie,çeˈmiːʔɪndʊsˌtʁiː,Chemieindustrien,Komposita.kein,
die,Pharmaindustrie,ˈfaʁmaʔɪndʊsˌtʁiː,Pharmaindustrien,Ableitung.pharma-,
die,Raumfahrt,ˈʁaʊ̯mˌfaːɐ̯t,Raumfahrten,Komposita.kein,
die,Nachricht,ˈnaːxˌʁɪçt,Nachrichten,de,
die,Nachrichtentechnik,ˈnaːxʁɪçtn̩ˌtɛçnɪk,Nachrichtentechniken,Komposita.-en-,
die,Historie,hɪsˈtoːʁiə,Historien,Lehnwort.la.grc,
die,Entwicklung,ɛntˈvɪklʊŋ,Entwicklungen,Ableitung.-ung,
die,Ausstellung,ˈaʊ̯sˌʃtɛlʊŋ,Ausstellungen,Ableitung.-ung,
[der]/das,Ausstellungsbereich,*,Ausstellungsbereiche,Komposita.-s-,
das,Ausstellungsareal,*,Ausstellungsareale,Komposita.-s-,
das,Areal,aʁeˈaːl,Areale,Lehnwort.la,
das,Gelände,ɡəˈlɛndə,Gelände,Ableitung.be-,
das,Ausstellungsgelände,*,Ausstellungsgelände,Komposita.-s-,
das,Licht,lɪçt,Lichter/Lichte,de,
die,Station,ʃtaˈt͡si̯oːn,Stationen,Lehnwort.la,
der,Technikbereich,*,Technikbereiche,Komposita.kein,
die,Pubertät,pubɛʁˈtɛːt,-,Lehnwort.la,
der,Besuch,bəˈzuːx,Besuche,Ableitung.Konversion,
die,Öffnung,ˈœfnʊŋ,Öffnungen,Ableitung.-ung,
die,Öffnungszeit,ˈœfnʊŋsˌt͡saɪ̯t,Öffnungszeiten,Komposita.-s-,
die,Warte,ˈvaʁtə,Warten,*,
die,Wartezeit,ˈvaʁtəˌt͡saɪ̯t,Wartezeiten,Komposita.-e-,
der,Eintrittspreis,ˈaɪ̯ntʁɪt͡sˌpʁaɪ̯s,Eintrittspreise,Komposita.-s-,
das,Objekt,ɔpˈjɛkt,Objekte,Lehnwort.la,
die,Führung,ˈfyːʁʊŋ,Führungen,*,
die,Jugendliche,ˈjuːɡn̩tlɪçə,Jugendlichen,Ableitung.Konversion,Person.weiblich
der,Jugendlicher,ˈjuːɡəntlɪçɐ,Jugendlichen,Ableitung.Konversion,Person.männlich
die,Museuminsel,*,-,Toponym,
das,Länderspiel,ˈlɛndɐˌʃpiːl,Länderspiele,Komposita.-er-:Komposita.Umlaut,
das,Olympia,oˈlʏmpi̯a,-,Toponym,
das,Olympiastadion,oˈlʏmpi̯aˌʃtaːdi̯ɔn,Olympiastadien,Komposita.kein,
das,Stadion,ˈʃtaːdi̯ɔn,Stadien,*,
die,Philharmonie,fɪlhaʁmoˈniː,Philharmonien,Ableitung.-ie,
die,Nähe,ˈnɛːə,-,de,
die,Auskunft,ˈaʊ̯sˌkʊnft,Auskünfte,*,
das,Bordeaux,bɔʁˈdoː,-,Toponym,
das,Geschenk,ɡəˈʃɛŋk,Geschenke,de,
das,Herz,hɛʁt͡s,Herzen,de,
die,Hertzallee,*,-,Toponym,
das,Schloss,ʃlɔs,Schlösser,de,
der,Bundespräsident,ˈbʊndəspʁɛziˌdɛnt,Bundespräsidenten,Komposita.-es,
das,Reichstagsgebäude,ˈʁaɪ̯çstaːksɡəˌbɔɪ̯də,Reichstagsgebäude,Komposita.-s-,
das,Gebäude,ɡəˈbɔɪ̯də,Gebäude,Ableitung.ge:Ableitung.-de,
das,Tor,toːɐ̯,Tore,de,
die,Endstation,ˈɛntʃtaˌt͡si̯oːn,Endstationen,Komposita.kein,
der,Schluss,ʃlʊs,Schlüsse,Ableitung.Konversion,
die,Reiseleiterin,ˈʁaɪ̯zəˌlaɪ̯təʁɪn,Reiseleiterinnen,Ableitung.-in,Person.weiblich
der,Reiseleiter,ˈʁaɪ̯zəˌlaɪ̯tɐ,Reiseleiter,Komposita.kein,Person.männlich
der,Leiter,ˈlaɪ̯tɐ,Leiter,Ableitung.-er,Person.männlich
das,Bundeskanzleramt,bʊndəsˈkant͡slɐˌʔamt,Bundeskanzlerämter,Komposita.kein,
die,Erwachsene,ɛɐ̯ˈvaksənə,Erwachsenen,*,Person.weiblich
die,Feier,ˈfaɪ̯ɐ,Feiern,Lehnwort.la,
die,Zusage,ˈt͡suːˌzaːɡə,Zusagen,Ableitung.Konversion,
die,Absage,ˈapˌz̥aːɡə,Absagen,Ableitung.Konversion,
die,Entschuldigung,ɛntˈʃʊldɪɡʊŋ,Entschuldigungen,Ableitung.-ung,
die,Monteurin,mɔnˈtøːʁɪn,Monteurinnen,Ableitung.-in,
die,Schuld,ʃʊlt,Schulden,de,
die,Veranstaltung,fɛɐ̯ˈʔanʃtaltʊŋ,Veranstaltungen,Ableitung.-ung,
der,Basler,ˈbaːzlɐ,Basler,Ableitung.-er,Person.männlich
das,Rheinschwimmen,ˈʁaɪ̯nˌʃvɪmən,-,Komposita.kein,
die,Sportveranstaltung,ˈʃpɔʁtfɛɐ̯ˌʔanʃtaltʊŋ,Sportveranstaltungen,Komposita.kein,
-,-,ˈʃuːlˌfeːʁiən,Schulferien,Komposita.kein,
-,-,ˈfeːʁiən,Ferien,Lehnwort.la,
der,Teilnehmer,ˈtaɪ̯lˌneːmɐ,Teilnehmer,Ableitung.-er,
die,Teilnehmerzahl,ˈtaɪ̯lneːmɐˌt͡saːl,Teilnehmerzahl,Komposita.kein,
das,Festspiel,ˈfɛstˌʃpiːl,Festspiele,Komposita.kein,
das,Markenzeichen,ˈmaʁkn̩ˌt͡saɪ̯çn̩,Markenzeichen,Komposita.-n-,
die,Marke,ˈmaʁkə,Marken,Lehnwort.fr.it,
der,Domplatz,ˈdoːmˌplat͡s,Domplätze,Komposita.kein,
der,Dom,doːm,Dome,*,
die,Vielfalt,ˈfiːlˌfalt,-,*,
die,Festspielwochen,*,Festspielwochen,Komposita.kein,
die,Messe,ˈmɛsə,Messen,de,
die,Landwirtschaft,ˈlantvɪʁtʃaft,Landwirtschaften,Komposita.kein,
die,Ernährung,ɛɐ̯ˈnɛːʁʊŋ,Ernährungen,Ableitung.-ung,
das,Grüne,ˈɡʁyːnə,-,*,
das,Messegalände,ˈmɛsəɡəˌlɛndə,Messegelände,Komposita.kein,
der,Hersteller,ˈheːɐ̯ˌʃtɛlɐ,Hersteller,Ableitung.-er,Person.männlich
der,Lebensmittelhersteller,*,Lebensmittelhersteller,Komposita.kein,Person.männlich
-,-,ˈkɔstn̩,Kosten,de.la,
das,Bioprodukt,ˈbiːopʁoˌdʊkt,Bioprodukte,Ableitung.bio-,
der,Rekord,ʁeˈkɔʁt,Rekorde,Lehnwort.en,
der,Vergleich,fɛɐ̯ˈɡlaɪ̯ç,Vergleiche,Ableitung.Konversion,
der,Tourismus,tuˈʁɪsmʊs,-,Lehnwort.fr,
die,Tourismuszahl,*,Tourismuszahlen,Komposita.kein,
die,Zeitgeschichte,ˈt͡saɪ̯tɡəˌʃɪçtə,Zeitgeschichten,Komposita.kein,
die,Kultur,kʊlˈtuːɐ̯,Kulturen,Lehnwort.la,
der,Reichstag,ˈʁaɪ̯çsˌtaːk,Reichstage,Komposita.-s-,
der,Pilot,piˈloːt,Piloten,Lehnwort.nl.fr.it.grc,
der,Streik,ʃtʁaɪ̯k,Streiks/Streike,Lehnwort.en,
der,Pilotenstreik,piˈloːtn̩ˌʃtʁaɪ̯k,Pilotenstreiks/Pilotenstreike,Komposita.-en-,
die,Lufthansa,ˈlʊftˌhanza,-,Komposita.kein:Eigenname,
die,Luft,lʊft,Lüfte,de,
die,Hanse,ˈhanzə,-,Eigenname,
die,Veränderung,fɛɐ̯ˈʔɛndəʁʊŋ,Veränderungen,Ableitung.-ung,
die,Strecke,ˈʃtʁɛkə,Strecken,*,
die,Kurzstrecke,*,Kurzstrecken,Komposita.kein,
das,Inland,ˈɪnˌlant,-,*,
der,Ministerpräsident,miˈnɪstɐpʁɛziˌdɛnt,Ministerpräsidenten,Komposita.kein,Person.männlich
der,Minister,miˈnɪstɐ,Minister,Lehnwort.fr,Person.männlich
der,Präsident,pʁɛziˈdɛnt,Präsidenten,Lehnwort.fr.la,Person.männlich
das,Kanzleramt,ˈkant͡slɐˌʔamt,Kanzlerämter,Komposita.kein,
der,Kanzler,ˈkant͡slɐ,Kanzler,Lehnwort.la,Person.männlich
das,Amt,amt,Ämter,de,
die,Zusammenarbeit,t͡suˈzamənˌʔaʁbaɪ̯t,-,Komposita.kein,
die,Museumskasse,*,Museumkassen,Komposita.-s-,
der,Schuft,ʃʊft,Schufte,de,Person.männlich
das,Aquarell,akvaˈʁɛl,Aquarelle,Lehnwort.it,
die,Zeichnung,ˈt͡saɪ̯çnʊŋ,Zeichnungen,Ableitung.-ung,
die,Sammlung,ˈzamlʊŋ,Sammlungen,Ableitung.-ung,
das,Kindermuseum,*,Kindermuseen,Komposita.-er-,
der,Theatersaal,teˈaːtɐˌzaːl,Theatersäle,Komposita.kein,
der,Skulpturenpark,*,Skulpturenparks/Skulpturenparke/Skulpturenpärke,Komposita.-en-,
die,Skulptur,ˌskʊlpˈtuːɐ̯,Skulpturen,Lehnwort.la,
der,Park,paʁk,Parks/Parke/Pärke,Lehnwort.fr.la,
der,Tiergarten,ˈtiːɐ̯ˌɡaʁtn̩,Tiergärten,Komposita.kein,
das,Schönbrunn,ʃøːnˈbʁʊn,-,Toponym,
die,UNESCO,uˈnɛsko,-,Abkürzung,
das,Welterbe,ˈvɛltˌʔɛʁbə,Welterbe/Welterben,Komposita.kein,
die,Besuchszeit,bəˈzuːxsˌt͡saɪ̯t,Besuchszeiten,Komposita.-s-,
der,Zoobesuch,*,Zoobesuche,Komposita.kein,
das,Überraschungsgeschenk,*,Überraschungsgeschenke,Komposita.-s-,
das,Wellnesswochenende,*,Wellnesswochenenden,Komposita.kein,
die,Handtasche,ˈhantˌtaʃə,Handtaschen,Komposita.kein,
der,Apotheker,apoˈteːkɐ,Apotheker,Lehnwort.la,Person.männlich
der,Friseur,fʁiˈzøːɐ̯,Friseure,Lehnwort.fr,Person.männlich
die,Zahnärztin,ˈt͡saːnˌʔɛːɐ̯t͡stɪn,Zahnärztinnen,Ableitung.-in,
der,Fotograf,fotoˈɡʁaːf,Fotografen,Ableitung.Konversion.Rückbildung,
der,Unfall,ˈʊnfal,Unfälle,de,
der,Fall,fal,Fälle,Ableitung.Konversion,
die,Dampflok,ˈdamp͡fˌlɔk,Dampfloks,Komposita.kein:Abkürzung,Verkehrsmittel
die,Dampflokomotive,ˈdamp͡flokomoˌtiːvə,Dampflokomotiven,Komposita.kein,Verkehrsmittel
der,Dampf,damp͡f,Dämpfe,Ableitung.Konversion,
die,Lokomotive,lokomoˈtiːvə,Lokomotiven,Lehnwort.en.la,Verkehrsmittel
die,Lok,lɔk,Loks,Kurzform,Verkehrsmittel
die,Abendkasse,ˈaːbn̩tˌkasə,Abendkassen,*,
das,Tagesgericht,ˈtaːɡəsɡəˌʁɪçt,Tagesgerichte,Komposita.-es-,
das,Omelett,ɔmˈlɛt,Omelette/Omeletts,Lehnwort.la,
der,Pilz,pɪlt͡s,Pilze,*,
die,Katze,ˈkat͡sə,Katzen,*,Zoologie
der,Hund,hʊnt,Hunde,de,Zoologie
das,Sydney,ˈsɪdnɪ,-,Toponym,
der,Reparaturarbeit,*,Reparaturarbeiten,Komposita.kein,
das,Schlesisch/Schlesische,ˈʃleːzɪʃ,-,*,
das,Zugrestaurant,ˈʦuːkʀɛstoˌʀãː,Zugrestaurants,Komposita.kein,
das,Erfrischungsgetränk,ɛɐ̯ˈfʁɪʃʊŋsɡəˌtʁɛŋk,Erfrischungsgetränke,Komposita.-s-,
die,Erfrischung,ɛɐ̯ˈfʁɪʃʊŋ,Erfrischungen,Ableitung.-ung,
das,Sonderangebot,ˈzɔndɐʔanɡəˌboːt,Sonderangebote,Komposita.kein,
die,Schuhabteilung,*,Schuhabteilungen,Komposita.kein,
das,Stadtmuseum,*,Stadtmuseen,Komposita.kein,
der,Alltagsgegenstand,ˈaltaːksˌɡeːɡn̩ʃtant,Alltagsgegenstände,Komposita.-s-,
der,Gegenstand,ˈɡeːɡn̩ʃtant,Gegenstände,de,
die,Gemäldesammlung,ɡəˈmɛːldəˌzamlʊŋ,Gemäldesammlungen,Komposita.kein,
die,Computerreparatur,*,Computerreparaturen,Komposita.kein,
die,Praxis,ˈpʁaksɪs,Praxen/Praktiken,Lehnwort.la.grc,
die,Zahnarztpraxis,ˈt͡saːnʔaːɐ̯t͡stˌpʁaksɪs,Zahnarztpraxen,Komposita.kein,
die,Probe,ˈpʁoːbə,Proben,Lehnwort.la,
die,Probestunde,*,Probestunden,Komposita.kein,
[der]/das,Smalltalk,ˈsmɔːltɔːk,Smalltalks,Lehnwort.en,
die,Fremdsprache,ˈfʁɛmtˌʃpʁaːxə,Fremdsprachen,Komposita.kein,
der,Schüler,ˈʃyːlɐ,Schüler,Ableitung.-er,Person.männlich
die,Software,ˈsɔftˌvɛːɐ̯,Softwares,Lehnwort.en,
das,Programme,pʁoˈɡʁam,Programme,Lehnwort.fr.la,
das,Softwareprogramm,ˈsɔftvɛːɐ̯pʀoˌgʀam,Softwareprogramme,Komposita.kein,
der,Verwaltungsmitarbeiter,*,Verwaltungsmitarbeiter,Komposita.kein,
die,Kneipe,ˈknaɪ̯pə,Kneipen,de,
die,Mahlzeit,ˈmaːlˌt͡saɪ̯t,Mahlzeiten,Komposita.kein,
das,Mahl,maːl,Mahle,de,Gastronomie
die,Semesterarbeit,*,Semesterarbeiten,Komposita.kein,
der,Schriftsteller,ˈʃʁɪftˌʃtɛlɐ,Schriftsteller,Komposita.kein,Person.männlich
das,Mittelhochdeutsch,ˈmɪtl̩ˌhoːxdɔɪ̯t͡ʃ,Mittelhochdeutsche,Komposita.kein,Sprache.Deutsch
das,Kaffeegeschirr,*,Kaffeegeschirpsyçoˈloːɡəre,Komposita.kein,
das,Patientengespräch,*,Patientengespräche,Komposita.-en-,
das,Untersuchungsergebnis,ʊntɐˈzuːxʊŋsʔɛɐ̯ˌɡeːpnɪs,Untersuchungsergebnisse,Komposita.-s-,
die,Untersuchung,ʊntɐˈzuːxʊŋ,Untersuchungen,Ableitung.-ung,
die,Lehnrveranstaltung,ˈleːɐ̯fɛɐ̯ˌʔanʃtaltʊŋ,Lehrveranstaltungen,Komposita.kein,
die,Veranstaltung,fɛɐ̯ˈʔanʃtaltʊŋ,Veranstaltungen,Ableitung.-ung,
die,Anstalt,ˈanˌʃtalt,Anstalten,de,
die,Vergangenheit,ˌfɛɐ̯ˈɡaŋənhaɪ̯t,Vergangenheiten,Ableitung.Konversion,
die,Vorgabe,ˈfoːɐ̯ˌɡaːbə,Vorgaben,*,
der,Louvre,ˈluːvʁə,-,Eigenname,
die,Übernachtung,ˌyːbɐˈnaxtʊŋ,Übernachtungen,Ableitung.-ung,
das,Schöne,ˈʃøːnə,-,Deklination,
die,Umfrage,ˈʊmˌfʁaːɡə,Umfragen,de,
der,Titel,ˈtiːtl̩,Titel,de,
das,Thema,ˈteːma,Themen/Themata,Lehnwort.la,
der,Mittwochnachmittag,ˈmɪtvɔxˌnaːxmɪtaːk,Mittwochnachmittage,Komposita.kein,Zeit
das,Fachgebiet,ˈfaxɡəˌbiːt,Fachgebiete,Komposita.kein,
das,Gebiet,ɡəˈbiːt,Gebiete,Ableitung.Konversion,
der,Psychologe,psyçoˈloːɡə,Psychologen,Komposita,Person.männlich
die,Psychologin,psyçoˈloːɡɪn,Psychologinnen,Ableitung.-in,Person.weiblich
der,Autohändler,ˈaʊ̯toˌhɛndlɐ,Autohändler,Komposita.kein,
der,Händler,ˈhɛndlɐ,Händler,Ableitung.Konversion,
die,Händlerin,ˈhɛndləʁɪn,Händlerinnen,Ableitung.-in,
die,Autohändlerin,ˈaʊ̯toˌhɛndləʁɪn,Autohändlerinnen,Ableitung.-in,
die,Baustelle,ˈbaʊ̯ˌʃtɛlə,Baustellen,Komposita.kein,
das,Autohaus,ˈaʊ̯toˌhaʊ̯s,Autohäuser,Komposita.kein,
das,Bauprojekt,ˈbaʊ̯pʁoˌjɛkt,Bauprojekte,Komposita.kein,
die,Prosodie,ˌpʁozoˈdiː,Prosodien,Lehnwort.la,Linguistik
der,Vokal,voˈkaːl,Vokale,Lehnwort.la,Linguistik
der,Konsonant,ˌkɔnzoˈnant,Konsonanten,Lehnwort.la,Linguistik
das,Ausflugsziel,ˈaʊ̯sfluːksˌt͡siːl,Ausflugsziele,Komposita.-s-,
der,Ausflug,ˈaʊ̯sˌfluːk,Ausflüge,de,
das,Bayern,ˈbaɪ̯ɐn,-,Toponym,
das,Schloss Neuschwanstein,*,-,Eigenname,
das,Märchen,ˈmɛːɐ̯çən,Märchen,de,
das,Märchenschloss,*,Märchenschlösser,Komposita.kein,
das,Mittelalter,ˈmɪtl̩ˌʔaltɐ,-,Komposita.kein,
der,Alte,ˈaltɐ,Alten,Ableitung.Konversioni,Deklination
die,Mark,maʁk,Mark/Marken,de,
die,Reichsmark,ˈʁaɪ̯çsˌmaʁk,-,de,
die,Deutsche Mark,ˈdɔɪ̯t͡ʃə ˈmaʁk,-,Wortverbindung,Deklination
der,Tod,toːt,Tode,de,
-,-,ˈʃʊldn̩,Schulden,de,
das,Hauptwerk,ˈhaʊ̯ptˌvɛʁk,Hauptwerke,Ableitung.haupt-,
der,Historizismus,hɪstoʁiˈt͡sɪsmʊs,Historizismen,*,
die,Festung,ˈfɛstʊŋ,Festungen,*,
die,Festung Hohensalzburg,*,-,Eigenname,
die,Altstadt,ˈaltˌʃtat,Altstädte,Komposita.kein,
die,Praline,pʁaˈliːnə,Pralinen,Lehnwort.fr,
die,Süßigkeit,ˈzyːsɪçˌkaɪ̯t,Süßigkeiten,Ableitung.-igkeit,
die,Zugspitze,ˈt͡suːkˌʃpɪt͡sə,Zugspitzen,Komposita.kein:Toponym,
die,Spitze,ˈʃpɪt͡sə,Spitzen,de,
die,Grenze,ˈɡʁɛnt͡sə,Grenzen,de,
die,Seilbahn,ˈzaɪ̯lˌbaːn,Seilbahnen,Komposita.kein,
das,Seil,zaɪ̯l,Saile,de,
der,Gipfel,ˈɡɪp͡fl̩,Gipfel,de,
der,Gebirgszug,ɡəˈbɪʁksˌt͡suːk,Gebirgszüge,Komposita.-s-,
das,Gebirge,ɡəˈbɪʁɡə,Gebirge,de,Geografie
das,Tal,taːl,Tälder,de,Geografie
die,Meteorologie,meteoʁoloˈɡiː,-,Lehnwort.grc,Wissenschaft.Naturwissenschaft
die,Sendeanlage,ˈzɛndəˌʔanlaːgə,Sendeanlagen,Komposita.-e-,
die,Anlage,ˈanˌlaːɡə,Anlagen,Ableitung.-e,
der,Rundfunk,ˈʁʊntˌfʊŋk,-,Komposita.kein,
der,Funk,fʊŋk,-,Ableitung.Konversion,
die,Runde,ˈʁʊndə,Runden,de,
die,Jahrestemperatur,*,Jahrestemperaturen,Komposita.-es-,
die,Temperatur,tɛmpəʁaˈtuːɐ̯,Temperaturen,Lehnwort.la,
der,Wanderer,ˈvandəʁɐ,Wanderer,de,Person.männlich
die,Berghütte,ˈbɛʁkˌhʏtə,Berghütten,Komposita.kein,
die,Hütte,ˈhʏtə,Hütten,de,
die,Entscheidung,ɛntˈʃaɪ̯dʊŋ,Entscheidungen,Ableitung.-ung,
der,Eindruck,ˈaɪ̯nˌdʁʊk,Eindrücke,Lehnwort.Übersetzung.la,
der,Vorzug,ˈfoːɐ̯ˌt͡suːk,Vorzüge,Ableitung.implizite,
